1,American Health Packaging,90-669-3854,posuere,
2,ALK-Abello, Inc.97-760-1216,nulla,
3,Meijer Distribution Inc,13-635-8815,quisque,
4,Syntrion GmbH,95-892-0600,magna at,
5,Allergy Laboratories Inc.,46-967-5533,et,
6,Lake Erie Medical & Surgical Supply DBA Quality Care Products LLC,56-287-8002,adipiscing,
7,The University of Texas MD Anderson Cancer Center,58-161-3372,lectus,
8,Taro Pharmaceuticals U.S.A. Inc.,75-382-3166,suscipit,
9,A-S Medication Solutions LLC,14-353-3222,consequat,
10,General Injectables & Vaccines Inc,67-917-0777,sodales,
11,TOPCO ASSOCIATES LLC,33-281-4711,interdum,
12,Cardinal Health,80-994-3049,sit,
13,SKINFOOD CO. LTD.,43-067-6596,augue,
14,Kingdom Animalia LLC DBA Hourglass Cosmetics,41-469-0069,sollicitudin,
15,Wal-Mart Stores Inc,33-588-5153,donec semper,
16,Bryant Ranch Prepack,48-308-3997,morbi vestibulum,
17,McKesson Packaging Services a business unit of McKesson Corporation,77-383-8359,arcu libero,
18,Ajou Medics Co. Ltd,80-744-3623,justo sollicitudin,
19,Cadila Healthcare Limited,58-720-9486,duis,
20,Blenheim Pharmacal Inc.,90-982-7368,sagittis nam,
21,Eisai Inc.,29-312-5751,posuere,
22,UCB Inc.,23-285-8920,sagittis,
23,Fenwal Inc.,16-066-1605,lacinia,
24,Mylan Institutional Inc.,50-756-7028,diam,
25,SUN PHARMACEUTICAL INDUSTRIES LIMITED,62-628-6187,amet lobortis