1,"Shertech Laboratories, LLC",21-130-2516,nisi
2,CVS Pharmacy,75-321-2286,faucibus
3,Pfizer Laboratories Div Pfizer Inc,51-645-1297,nunc
4,West-Ward Pharmaceutical Corp,13-000-0578,sociis natoque
5,"Bolero Home Decor, Inc.",56-516-0168,vestibulum
6,Creations Garden Natural Products,01-203-3578,augue vestibulum
7,"Boehringer Ingelheim Pharmaceuticals, Inc.",62-817-2331,sem
8,"Yusef Manufacturing Laboratories, LLC",99-547-3079,at
9,Ranbaxy Pharmaceuticals Inc.,23-140-6737,tincidunt eu
10,"Smith & Nephew, Inc.",58-513-4924,ultrices erat
11,"APP Pharmaceuticals, LLC",87-213-1793,luctus
12,"Accra-Pac, Inc.",02-163-9599,semper
13,Bryant Ranch Prepack,82-113-7374,luctus et
14,"Elizabeth Arden, Inc",66-997-0951,proin at
15,STAT Rx USA LLC,60-716-3063,sem
16,Watson Pharma Inc,25-422-1712,bibendum
17,Valeant Pharmaceuticals International,50-040-8126,montes
18,"Newton Laboratories, Inc.",29-068-2549,cum
19,"Rugby Laboratories, Inc.",75-746-1179,vitae
20,WOCKHARDT USA LLC.,19-003-4807,vestibulum
21,"Hospira, Inc.",62-107-6128,leo
22,JELMA PHILIPPINES INC,49-331-1715,pellentesque
23,Target Corp,12-394-3041,suspendisse accumsan
24,"Nelco Laboratories, Inc.",37-824-6269,eget
25,RC InnPharma Corporation,72-342-7098,nec molestie
