1,UUGGAGGGAACCGGGACGUGAGGCGTGGUCGTTCGCGGACCGUGTUGGGGGCGTGGUCGUCTGGGCGGGGCGGCGCCGGCGGTGUCCGGGCGCCUGGGUG
2,GGGGATCGGCCCGGGCUGGUCCGGUUTGUCGGGGCCUGUGGUCGCTGGGGCCUUGGCCCCGGGGCUGGUGGGGGGUACUGGGAGGUTGTGACGGCGCGAG
3,UCUGACTCUCGGCGUGTGTGGGGGGAGGGTTGCTAUCGTGGUUUCCCUGCGCGGUUCGAGCGUGGAGCCGGCGCGAAGAGGGGCGGGTCGCUGGGGGAAG
4,GUGGGTCGGUGUUGGGGGGGCCAUGGAUCGCGTCCCGGGGGGTGGGGCGAGCGGCCUGGGCCGUGGGGCGGCCGGTCUGUGGCGCGCGCGGAGGGAGTCG
5,GGGCGGTAGGGGGGTUGGTUUGTUCGCUGCUCCGUGGCCGCCGGUCGGCGUGGGGAUUUTGCCGGGGCUCGTCAGGGCGGGGGGCGUUGGGCCGGUGGGU
6,CGCAGTCGCGGGGGCGCCGCUTAGGCUGGCGGAGGGGCGGUGGGGAUCGGGTAGGGCGGGGTCGCCCUGUGGGGCGCCGGGUCAUUGTGGGGGGCGAGCU
7,GCUCUGGGGGCCUCAGGUUTGGCCGUGUCGGCGCTGCGAGATGAGCGCGGGCGGGCGGTGCGAGGGCGCCCCGCTCGGGGGCAGGCGGCCUGTUTGGCCG
8,GGCGUGCGGUACAGCCGTGGGCCCUGGGACGGGUGCGTGGGGGAUGCTAGGGGGGGCGCGAGGACTUCGGCGGGGGGCGCCCTGGCUGCCGCGUTGGGGG
9,GGGGUTGGGGTAGGUGGGGCGUGGGUGGGGGCCCTCUGGGCGGAGGGGAGGGGGCGCGGCCGCGCACAGGUCCGTCGGGGTGCGGCGAUGGAGGGCGGAU
10,CGGGUCTGCCCCGGGTGGUCGGCUUGGGCUGTGGCCGGCUGGGGGTGGCCGGGCGUGGAGCGUGCGCTGACCGGCGUTGCGGCGGCUAGAGACGGCCGCC
11,AAUCGCCGGGGUUUGGGAUTUUTCGGGUCTGCCUGUUUTCCGGGUGGGGCGCGCGGGCCCGGGCGGCGCCGGGCACUGGGGUGGCCGCGTAGGAGGUGGG
12,GUGGAGGACTGCCUCCCGCTGGGCCGGGGGUGUUCGGGCGCGUCUUTAAGCTGGAGGCAUGTCCCCGCACTUGGCGCCGGGCGGTCGAAGUGGCGUCUUU
13,CGGUTCCUTGGGGGUCGTGCUGGGTGGGCGACGGGUCGTCGGGCTGUGGGCCGGGGCGTGAGCCCGGUUCGGGTGGGCGCUGGGGGTCGGCUCGGCGCCC
14,GCGGCGGGAGGUGCGCCTGCCUCGUGCGUAGCGGTGCCGTGCCUUGGGUGUGGTUGGGTGGUAUCAGCGCGGGGCACGUCGGAGGGUCTGAUUGGTGCGG
15,GAGGCUGTGUGGGGCGGUCCGCCAGCGCGUGTGGTACAGCGCGCGCGGGGCGGACGGGUTTCCGGGCCCCCCGUACGCGGAGGGUCGCUCGACUCCGGUU
16,GGUGGGGGGGGGGGGUGGGUAGAGGCGUGCUCCCGCUAGUGTAGCCGUCTCUATCCGCGAGGGATUGGGCGGCCGACGTGGGGCGAGTACGTUTACUUGU
17,TGUAGCGCGGCGGGTCUAGGGGAGGCGCGTGCGCAGGCGCUGGUGGTGGGGGGGAGGAGCAGGTGAGCUAGCGGGCCGGCGGGUGCGGUAGGGTACAUCG
18,CGGGCUAUGGGCUGGGGUGCGGGUCTGGGCCUUGCGCCAUGCCCAUUGACAGUUGGTCCGGUGCGGCAGGGGGGGUGGCGGCGCUACGCCGGGGGGGGGG
19,CUCGGGCGGGCUCGTCCGUTCTCGGGGGCGGGGCGGUGGCGACCCCCAGTUGAACGCGUTCGCCUUCGATUGGTCGUCGTGGGCUUGGGGCGGGCCGGCG
20,TCUGGTGGCGGUGUGAGGGGGGGUUUGGGUAGGTGAGCGGGTGCGCGGGCACCCUCGCGGTGGTUGUGGAGAGCTGGGGCGGCGGTUCCGGUGCAGGGGG
21,AGGTGGGCCTCGCGCUCGGTAGCGCGCUUTCGGAGGUUCAGGGGGUCTGCGGUGGGGCGGGCUGGAGGGTGAGGCTGGUGUUCGGGCCUGGGCCGGGGGC
22,CUCUAGTGGCGCCCGGGGGGAGGCCCCCCGCCGGGGGGGCGCCCGUCUCGGCTTGCGGGGUGGCGUCGUCGGAGCCGUGCUGGGTGUCCUCCGCGGCGCT
23,GAGCUTGGGCAGGGGUCTUGGCCGGCGGAUUGGCGCTGUCTGCGUCACGCCGAGCGCCGGTGUCGGUUGCGAGAACCCUCGCGTAAGUCTGUGGGUUAGT
24,UUCCTGGGGCGCTGGGGGCGUUAGTGTCCCGTCGGCGTGCGUGTGCGGCGTACCGGCGGGGCGGAGGCGCUUTGGUGUGCTGUTTCCUCGCCAUCCCUTT
25,CGCAGGUCGGCGGCGCUUGUCGGGCUGUGCCTGGGGCGGUGGAUAGUAGCGGCCCUGATGGUCGGGGGGAGUUCCGGGGUAGCCAGGGGGCUUGCGGCGG
26,GCUGUGCGCAGGATGUTCGCCUAAGACCGGGTUTGCUCGUCGUGCGGCCGGCGAGUCCGCCGCGUGGGUGCCUGCCGCCUGAGUGGUGGGGGCGCCGUGU
27,UUGCTGCGCGGUGUATGCCCGUTCGGGGCUGGGTGGGGGGGUGCGGUCGCGCGGGCTGGCGGUCCGCTCCGUGUUCGATCGGTCCCGCCGGUCGGGGUGG
28,CGGUCCCGGGGGGGGACGTUGUUUGAATGGUCCCGGGGGGCCGCGUGGTGGUUGGGAGGGUCGCGGCAUACTGUCGTGUCCGGGCGCACGUGGGGCGUGC
29,TUGCGAUGCGUGGACCCCTGAGCCGCGGUGCGUCGUGGGGGGGCCAGGTGGCGGTGUCGUCCCGACGGTGCCTCUAGGACGGTTUAGCUGCGAGATGGGG
30,GGCGCGCGGGCGCGCGGGGCGGGTGGGUAGAGGUTCUGGUGUCCAUUGGGGCGAUACGGGGAGGGGCGCGCCGGCGGGGTCGGUGGGGGGCGGGCCTAGU
31,GCTGGGTUTTGUGAACGTGTUGGATUUCGGTAACCGGUUGGGTATGGGCGGUGGUGUUTGCGCTUGGCGGCCCCCCCGGTCGGUGCGCCAGGGGCCGTGG
32,TTGGGGACCGCGUCTGGCGGGCGCGGGAGCGCGCGGGGCGGCGGCUTGUGGGGGCUGAGCCTGUCGUCGAGUCGCGGGGCCGGUGCGGGUAGGGTUGTGU
33,TCUUGCCCGGGGUGCCUGGCUCGGGCGCUUCCUGCGGUTGAGGUGGGCACUCUGGGTAGCGGGCGCGTGCCGGGCCGUGCCCACCAUCGGGGGGCGGGUU
34,TGGGGUUGUGCGGGUGGGGGGGGGGCGGGUUCGGGCCTGGGUUGGGUTUUGGGCGGCGTAGGGTGCCCUCGGAUGGAGUTGGGUUGGGCGCUGTGUGGUC
35,GGCTCACUGGGGGCGGAGATGUGCGGGTGGCCUCCGTGGUGCAACUGCGGGAGUCCCAGGGGGGCUCGGGAUGGCGGGGTGCGGUCACAACCCCCGGUGG
36,UTCCGCGGGCGGCGCGGACCCUCTUTGGGTGAAGCUCGGGCGUCGGGGUGCGCCAGTUGAGCAGCGGGUGCCTGGGUGCTUAUGCUAGGCTCGGCGGGCC
37,CGGTGGUGCGGUUGGCCGGGUGCGGGUUGGCTCGGUGGUCGGGCGGUUGGGTGACGCCGCGGGGCCCGUUCGGGACCACGGACTCUCCCGCGAGTGGGUC
38,UGCGAGAGUUGCGTCGCCUCGTUCGCGCGGGGGAGUCGGGUGGCGUGGCGGTCTGCCAUGGGCUCGGCGGUGUGGGUGGGGGUTGGCCCCGCCGCCGATC
39,GGGGGGGGUTGCGCCCGGAAGGGUUGUGTGCGGCTUGCAGGGGAGGCGGTGCCGCGCCGGGUCGGUCGCUUUGGUCGGCGUCGCCGCGGGGGUCCCGCGG
40,GGGGCCGUATCCGGGGUCCGGGGCGGGTUCGGGCCAAGTGGGCGGGUUUGTGGGGCGCGCGGUUCGGGUGCCUCCCCUGCAGGGCGCCCCUCGAGCCUCA
41,CGGGAUCGGGAUCGCGGAUCGUGGCGCTGGCCGTCCGCCGUGUCGAGGGGGCGCCGACGGCCGCGCAGGCGAGUCGCGGCTCCAUGGGUUCGGGTGCGGT
42,CGGGCGGUGGGGCGCGGGGGGGCGUTTCGATGGCCCGGGGGGGCUCCGTUGCUGCCGACGGTAUTGCGGGGGGGCGGCGUCGCCGAGGCGUGGAGCGAGU
43,CGCTUTUTGUCGGUTUGGGUACGUGGCCGUGCCGCUGGGGCCAGCCGUGGGCGGCCGGAGGGGGCTGGGGGCCUCGGUUAGCGCCGGUAGGCGGGCGGCC
44,TGAGAUGTGGGGGGCUCCGGCGGCGCUCAGUTUGUCCGAGAGGGUGGCGTGGGAGUGGGUGCGGGGCGTGCUCGGUGGGGAGAGCGTGGUGUTCCCTGCG
45,CAGGUUTGCTGGGCGGGCGCGCGGGCCUTGGUACCGUGGUGGCCGTGGCGGACGGGGCUCCTTTAGTCGGGTGTCAGGCGCGACGGCGCGCAUUGCGGGT
46,GCGUCAGUGGGTGGCGGCUGUCCGGCGUGGUGUGTGGUTUCGCGGGCACCGCGGGGUCCGGAGGGCGUGGGTGCUCCCCGCGGGCUGCGTGCUGGGCGGG
47,UAAGGGTCGUGCGUGGGUGGGUCGGGTGGGTGUCGUGUGCCGGCUCGCGUCGUGGCUUGGGCUGUGGGCGCUCGAAGGGGTGGGCCGGTGGGGGCUCCCC
48,GUUGUGGGUAGGUGAUCGGGCCGUGGGCCGGUGGGCCCUUTGTCUCUGUACGGCTCGTGGGCUCGCGCGGGGGUAGCGGGCCGGCGCTGGCGGGGGGGAG
49,GCCGAUGUACGTGGGGGGGCGCTGUTGCUTGTAGUACGACGUACGTGGCGCCCUGGTGCGGGAGGGCTGCGGGUGGUCGUCCCCCGGCCCGUCGCGCTUC
50,GTTUGGTGCUCGCCGGCCCCGGGCGCCGGCGCUGTGATCGGCACGGCCCCCCAGUGGAGGGGCCTGGGCGCGGUGUGGGUTGGGCUUCGAGGCUGGGUCT
51,CGGGCGTUGGAGCGGGGGCGCGGCGGGUGTUGAGUGGUCCCCTGTUGGGGAUGUGGCGGGTGGGGGGGGCUAAGGGGGGGCCACGUTGGUGUCGGGCUGA
52,CGCCGTTGGGGGCGGGTGGUGATCACGUUCGCGTGCCGCGCGGCCCGAGGGACCCGGUGGCGCCCGTGGGCGCUCUCGGGGGGTCGCUTAGGGGGGUUCG
53,UCCTGCGGGACGUGCGCCATCUGGGGUUGGGTUGCGCGGGCGGGGGCGGGGUCCGTGGGGGAGGTGAGGGGGACGGGTTCGAUGCTGGGGUUCGGCGCGC
54,CGUCTTGAGGGGGGGCCGGUCGUCAGGGGCGGGGGCCCCGAGGGAGGCCGCCGTGCAUUGGCGCUAUGUUCAGGAUGGGGGGGGCCUGGCGCGCGGCGUU
55,GGUCGGCCUGGUGGCCCUUCGCGCGCTGGCGCUCGGUTGCUGGCCUGGTCGGCGGCGCGGCGGGGGGGGCUTGGCGGCGCACCGGGUCCGGGGGTUUTTT
56,GTGACCGCAGCTCCGCTCGGAGGTGTGAGGGACUGTGGGGCGCAGCCGGGGGCGCGGCUCGGAGUTGGCGGUCGGCAAGTGUCGGGGGCCGGGTCTGGGG
57,CGUGTGGGUGGCGGGGGGGUGUCAGGCTGAUAGGCGGGGGGCUUCCAGUGCCGTCGGCGGGCGGGGUGUUCACUGGTCCGTGGGGGCUGCGGGTCGCGGA
58,GGGCGUCUGGCUUGCCCTCAGCGGCCGGGGCUGUGGAGUGCCTCCUCGGGGCCGGGUCAGGAGGAUGUGGGTGCTGCATGGGCGGCGGUGCAGGCTUGGU
59,GGGGUGAGATGGGGAGGGUTGACCAGCGUCGGGCGCUCGAGGACGGCGCGCGGUCGGUUCUCCCGCGAUGCTUUGCGGGGGGGTGUGGGCGGCUGCUGGT
60,CUUGGCGCTCCUGCUATGGCGGGUUGCGCUGGUGGTUAGCGUGGUGAACGCCCGGGGCUUGGUACGGCACGGGGUUCGGGGCGCGGUTUGGGCCGUGGGG
61,CCTCGGCGCUGAGUUGGGTAGGUUGCGCGGAGCAGGGCGTCUTCCCAUGGGCGGUTCCUGGGGUGUGUGGCGGGAGCGGTCCGGCGGGUCTAUGGGTGUG
62,UGGGUGCGCUGTGCCGUUCCCTCGGCGCCGCCUCGCGCGCCCUGCGUGCGCGCUGCGGCUGGUUGCCUUGAUCAGGGCGAGUGUUCGCGGUCGCGGAGGG
63,CCCUGAGCUGGGGCGCGGGGCTUCGCGCCCGGGUGGGCAUGUUGGCUTGGGUGCCUGGGTTGGGACCAGGCTGGCCUGGGTGCCGGGTGGCACGGUGGCG
64,GGGGACGGCGCGTCGCCAGGCGUGTCUACGUGGCAUGGGCGGCCCUUCCCCAGGCGGCGUGGAAGCGGCCGGCUTGGCCCGCGCGGCGCGGUCGGUUGCC
65,AGCGTUCGCTCGUGCCUCCTGUTGUGGTGUCTCCCGGTGCGGGGCUCGUGGCAGUCCCAAACCCCCUCCGCCUGGGGGGCCACGGCGUUCTCGCGCCTUG
66,UAGGGUGAGGATGUGGCUGUGCGGGGGGGCUCGCGACGGGCGACCCAUCCGCCGUAUCGTCTACACGCGGCAGGCCGUCGGGGTGUUGGGUUCTGAGCGT
67,GGACCGTGGCCGCUCGGGGCGCGUGUGGGGAGGGATUGGGAGGCCUGGUCUGCGCUCCGCUGGTGGGCGGGTCUGGTGUCUUCCGCGCCUGGUGAUGCUG
68,GUGGUGGGGGACUGGUTGGGGTGCCGCGGGUGCCGGUUAGGGCGCGAGGAAGCGGGCUUGGCCGGCCCAATGCGGGGGGGGGGGGUGTGGCGGGUGGCTG
69,GUGGGCUGGTUGGGUACGUUGUTGCGGUUGGGGCCGGCGCGCGGGACCGGTGCCGCGGGGUTUGCGTCGCGGUGACUGGUGCGUGCTCGGCUGGGGTCCC
70,GAUGCCUCGCCTAGGGGGUGGUGTGCGUUCGGCGGCGGGGCGUGGGGTGGCGGUGCGGGCCGCTGCGTGCGCCGCGCUCCGUUGGCGCCCGUGGCGGGTG
71,GUGGGGUGGGUGCGGUUGGGTUUGUGUGCGGGCUUGGGTUCCGUGGCCTCCGGCUGGGGGUGGGGGGGCGGCAGUUGGCAUGGUCGGTGGCCCUGGUGGG
72,UCGGCGCCGGUCGGUGGCTCGGGCGAGCGGGGGUGCCCGGCGGGGUUAGCGGAGTGATCCGGGGGCGGGCGGCCGGCGCCCGGCGUCGTGGCCGGGGCUT
73,UTCCGCGGTGGCUCGGGCGGGGGGCGGACGUGGUUGCUGUCUGCCCUCGGGCCCGCUGAGGTGCAGGUGAUTGUTUGGTGGGGCUGGGCCGGGGGGAGCG
74,GGGCGGGCGGUCGGUGGGCGGCGCGCGCUGTCGGGCGUACCAGGGGCGGTUCAGCGCGGCGUCGUGUGGTGCGACGCACCGUGGUGGGTGUUGGGGGCGG
75,CGCUGCTCGUGGGGTCGGGCGCUGCUGCCTGUCTCCCGGGTGUGTGGGCCGGCCGGCTGCGGGGGGCUUGCGGGGGAGUCGUGUCGGGUGCUTCUGACGG
76,GGCUTGACGGGCCCTGGUCUCGUGGGGCGGTTGCCUGATGCGGGGGUCUGCCGGCCCUCCCCCGCGGGTGGCCGGUGCGGGGGACGGGGGGGGGAUGGGG
77,CUCCGGCGGCGCCGUGGTTGGGCGGUACUCCGGCGCGCCCCCCUGCCGGCCCGGGGGGGGCGUCGGCTGGCGGGGUGGCTGAGCGUGTUUCTCGUGACGU
78,UCGUGUUGCGUGGTCCGGCGGGACGCGUAGGGGGUGUUGUUGGGCGGGCUGGCCGGGACCUGGGCUCGGCCGGUUGGCCGCGTCGGUCGGUGUGCGGGGU
79,UUGCGGCAGCGGGCCGGUACCCUUACUGCAAGGAGGGGATCGGTGGGGGUGUGCTGGACUAGCGGGGGCCGCCCGGCUGCACCGUUGGGGCGCGCUCGGG
80,CGTGCGCGCACGCGCCCTTGGCGCCGCGGAGAACGGGCGUGGGGCCCGUCGGCGGCUCCUGAAAGTUUCGGCGGGTUGUTGCTGGGAGCCACGCCCGGGG
81,CUCCCGGGCGGGCGGCGGGCGGTCGGGUCGGGUGGGCGGAACUGTGGCGGTUGUUCTACTGGCGGCCGCCGGGGUGGGGGGACGGCGGATGAGCGGTGGA
82,UUGGCGGGCGCGGGGTGUGGCCCGGGGGGAUCGGCGCUGUTUCGGGCGUTGUTGGCTUGGGGTTGGGCCCGGGGGGGGTCCCCUCGGGCCCGTGGGCTGG
83,CTGGGGGGCGGCGGGCGGGCGGGGGCGCCGGGUUCACCCCGUGCGUACGCCGUGGUGGGGUGGGGTCGGGAGGCGUUUGTTCGTUGCGGCGCGGGCGGGG
84,CUGGTGAUGGCGCUGCAGCCGUGGGCGUGGGUGGUCGCUCGCGGTCGGGCGGGGGUGGGAUGGCATAGUCAGGGCCAGCCGGUUGGGGUGGGGUGUTTCG
85,GTGCGGUACCGTCGGCGGGGUGGGGCGCGGGGUTUGGCCAGGGCGGGGCTTACGAUAGGGGCCGCGUCCGCCCGGGCUGGGGCGGCGUUAGGUGGGGGUA
86,GGAGGGGTGGAGGGGAACUCCGAGCCCGGAGGGGGCGGGAUTTUCGGGTGCGCCUCCGGCCTGGGGGCGGCCGGGGGGGGCGGGGCCCCCGCGUGGAUCG
87,UCGGUGGGGGGUAGUGUUAGCGGACGTUUGGGAGUCGGUGCGAAGUCCCGCACGTGGGGGCACGGTUUGGGCCGUGGGAGCGUUACGCCCUCGUCUCGTC
88,CGGCTCUGUCGCGGACAGGCGGGTGATGGGAUGGGUGUCUCAUGUAAAGGCTGUGGGGGUAGGGGTGGGGCGUCCCUGCCAGCUTGUCCGCGGGGCCUGG
89,UGGGCGGCGGCTCCGTGCTGGCCUGATGGGGGGGGGGTUCGUCGUATCGGCCGCGCGGCUGUGGTGGGCGCTAGGCGTGGAGGUUUGCGGGGCGGGUGGG
90,GUAGCCGGGGCCGCGGGCGCGGGCUGTGUGCGGGCGGGGGCAUCGUGUTCCAUGCCCTGCGGGGTGGCGUTGUGUGCUGGCCTGGUGCCUGGGCGUGUGC
91,GGAUUUAGGGCUUGGGGGUGGGGUUGAAGAAGUCGGAGGCGCGCTUCCGUTGCGUGGCGATGTGCCUAUTCGAUCGGCCGUGCCGUUGTGGCGGGAUGGG
92,TUGUGGGGCGGGUGGGGCCGCGCTGGGGGGAGCGGGGGCUUATGGACCGTCGGCGGTCGGGCGGGGGCGTUCCCGGGGGGGGGTGUGCGUGGACGGGGCG
93,GCACGUUGCGATUCAGGGGCUACCGGCACGAGCUCCGCGUUATGUTUGAGAGGGGGUGUCCGCCCGGCUGUCAAUUUCTGGCUGCUGCUAGCUCAGACGG
94,GCGGCGCTGCGUUTCCUUGAGGCGGUGGCAUGCGTGCUGAGGCTGUCGCCTCUGUCCGUUTUUTCCGGUGGGGCGCGGAAGTUGGUGGGCGCGGGGCUGG
95,GGGGCGGCGGGGUGGCGUGUGCGGGUCGGGUCCGGCGGCTGCCGTCCTGGTGGGCGCGGUGUTGGCCGGCGGCGTGGGGUGTCUCGUGCGGCGGGAGCGC
96,CGCCCCGGGTGCGGGGUGCAGGGCGGCCUGCGTGGGAUCGACGGGCAGCAGGUCUCGCCCCCGCGGTGGCUGUGTCCTGCCGGUAGCCGGUUUGCGGCGG
97,CUCGGCGTAGTCGGCGGUCGGGUCGGGCGGCCCUUGGGAUGGCGGGGGUGUGGTCUGGGUGGGCCUCGGGGACCUGCGGUGCCUCCGCCGCGGCCTGTAC
98,UUAGGCGCACGGCGCAGCCGTGAAGUCGCGUCGGCUGCGGGGCGGCGGCUUGCGGGGGGGGGCCTUGTGGGCGCGACCGGGUGUTGUUGGAGGGGGCCGC
99,GCCGAGGCAAGGGGCCAGGGGACCCGGGGACUUUGCCGGGGGGUGTCCCGGCAGCUCGCCGGTAGGGGGGGGCUCCUCGUGGCAGCTGCCGUUAGCGCGG
100,GGGCGTCGGCCCGGGCGUCCGGCTCUGCCCCGCGGGGTCCAGGGACGUGCGACGCAUGGACGGGGUTGTGTUUUCCGUUCACCTGGTCCTGGUGGCCCGG
101,GCGGCAGGCGGUGGGGUGAGCCGUGGUACGCGCUUCUCGTGGTGAGGGUGGGGGTGAGGCAAAUGGTGCCGGGGCUTGGGAUGGGTGGCCGGGGUGUGAC
102,UGGCGGTUCGCGCAGCTCTUGGUUUGCUCACUGGCGGGUAUGUGGUCGAGUUGUUGACCCAGGUCCGGGUGUGGGGAGAUGGCTCGGTGCGCGGAGUGTU
103,GGTUCGAGGGUGUUCCTCCGAUCUGGCCTGCAGGAGCCUCUGGCCCGGGGUGGTUTCGGGGUGCGGCUGCGGGCUACCGUGGCGGACCCGUAGGGGGGGG
104,CTUGTGGCUGCCUGUTGUUGGGGGUGGTGGGCCCGGGGGGGTGTCGCGGCCGGCGGTCTGGTCGGCGGGGGTCGUUUGGCAUTGGUGGCCCGGGGGUGCG
105,GGGUCGACGGCGCGUGAGAAGCCCGGUGGCUCGGGCCCCGCGCAGGGGGCCATCUGCUUGGGCGGGGGGTGGGTUATGGUGUUGTCGGGGTUUGGCTGTC
106,GGGGGCGTUCCAGTGCAAGGUGCCCGTGCCGAGGUGCCCUGGTCTGGGGUCCCUUCGAGTCTGGUATGGCUGGCCUGTUGGTCAGGCGCGGGCGGCGCGU
107,GUAGUGGAGGAGGCGGGGGGGUCGGUCGGGCAGGGAUUGUUCGUUGGCGGCTGCGGGGGCUCGUGGTCGUUGCCGGATCUCGCGTCGAGGCACCGCUGGC
108,CGTCCGUCCGGTGUGGGGGGCGCCGACGTGGGGGGGGCCGGGGCGUCGAUGCACGGGCCGCGCAUCGUGGUGGCGUGGCGCCCCGCCGGCUUGGGGTUUC
109,GGCGCGCGCCGGUGCCUGGGAGGGGGACGUTTGGGGGGUUGAGAUGUGUGGCCCCGUCGGCGCGUCCGGCAUUTCGGUTGUGCUGCUGCGGGGGCTGTUT
110,GGCCCGTCGUGUCGATGCCCGGGCGUGGGGGGCGGCCGAGCCGUUGGGGCGTCGGCCGGUUCGUCCGAGTGTCGACGGGUGGGTGUCACGGGGGGGGCGG
111,GGGGTGCGCUUUGGTGGGCACGGGGGATGTACGGGGUUGGCCUGTGGUUTGGGGGCGGTGCTCGCCGGGGGGCCUGGGGCUCCGGTUCCGGCCGGGGGCT
112,AGCGUGGGGCAGUGGTCGCGAGGGCGCUGGGCGGGGGGCGGGGGTGGGGGGUGGGCCCUGGCGATGGUGUTGGGCGUCUGGGCGUCGCGGCGCGTGAAUC
113,GCACGGATAGGCGGCTCGGGCATCGTCUGGGGGCCAGACGAGTGCGGUAGGCUCUCGCTGAGGCGCGGGACGUCCCGAGGGGGGUCGCGUGUTGGGCUGC
114,GGTCCUGAUGGGUGGGGGGGGCGUGGGCGGGCTCGTGCCTGGGGGGCGCGCGCGAGCGGUGGGAGUCCCCUGCCGGCCGCUCGCGUCCGGUCGTGGGCTG
115,CGTTTCGATCCTUGCUUGUTGGGGACCCCUUGACTGCGGCGGUGCCGCCCGGUGGGCGGGCCCCUGGGGGCGGTGGAGGCCUGUCGUGUGGUGACGCGGG
116,GGGGACGGGCGGCGGGGCCUAGAAGCCUUCAUUGTCCGGGCCUCGCUGGGGGTGGGAGUGGGGGGGCUCCGCCCCGGGGCGGGTCGGGGGGTCCACCCGG
117,GGCGCCGCGAGCGGGTGGTTCUUGCGUGGGGCCGGCCCAUGGGGCCCAGCGGCAUUCCUTTUGGGGTGAGUGUUCGGCGCGCGGGGGGUUGAUGGGGCCA
118,CGGGGGAGCGGUAGGTGUGGAGGGAGGGCGGUACCUTCCGCACCCTGCUGCCCAGGTCAACGGGGTGGCGTTGUUGUGGGGCGGGUGTUGTUCCTGGCTG
119,GGGCCCGGCGCUGUUCAGUGGGGTGAGGGTCGGGUGCGUGGAGGGGTCCUUGAGTCGCGCGCCGCGUGGGGCCUGACCGGAAGGGGGGUATGUGGUCGCG
120,GGUGGCCCUUGCGUUGCUCGCGGUUGUGUAAGCCTGTCGCGCUCGGUGCGGGTCGUGUGAGGCGATGTGGTCAGGCGTCCCTCCGCGTGGGGACCAUCCC
121,TGCGGCGGCGGCCCGGGGGGGCGGTGGCGGGGGUTGCGCGGACUGCCGCGCCAGGCGGCUCCGGCGGCGGTCAGGGACGUGCTGGGGCCAATGGGCGGUG
122,CGCUACUGGUCGCGCCCGGGUCUAGCUAGGGAGCAGGGCGCGGGGGGCUCTUCCGCCGCGGGGGUTCCGGGCGTCGGUGAGGCGUCACGGCGCGCTGACG
123,GGGGACUGGGCUGGGTUGCCCGCGCCGTGTUGCGUUCGAGTUCGTGTGCAGGTGGUCGCGUCGUAGCCUTACTGUTUGGGCGUCCCCAGTUCGAAGGAGC
124,CGCCGGGCCGGGGGAUGCTGGUGCGGGGUGGGCUGGCCCTGGCCGUGUUGGGCGGGGGGGGCTUCTGGTCCCTCGGCGCUTCCUCGAGGAGTGGCCGGUG
125,GUGAGUGGGCCGGCCUCTCGUGGGGGGGUGGCGCGGGGGGUCCUUGGUCUGGGGAGGGGGUGCGGAGCGGCCUUTUTGCGGCCGCGGGAGUGTGCUCACG
126,GCTGCGCGCGTCGAGGGGCACGGTCUGGAGGCUCAGGUGGCGGUGUTCCGGUGGGCGCGCGUGACGUGGTCGGGCGCGACGGAGCAUGTGAGCGUCGCGG
127,AGUGCGGACUUCGGAGGUCTGCGGUCCACGTGCCGGTGCCGCGGGGGAGUGGGTACGCGCGCGGCGCGTCCUGTTCGUUGCUUGCGGCCGGGCCGGGCGG
128,GGGCGCGGCGGGUGUGCCCAUCGCTUCUGGAGUGUGUGGGGGGTCGCGGUGGUGUGGCGCCGCGGGGGATGGGGGTGGUCGUCGCCGGTCGAGGUGGGGG
129,TCACGCGGCGTCTUGUCUCGGGAGGTCGGTGCTGGTUCGCTCACCGTGCGUGUGGGAUCGGGGGGGCGGCCTCGGCCACUGGUUGUCGGTGCUGUAGGGC
130,GCUGGCCCGCGTUUGCGUCCGAAGCUUGGUCGCUCGCCGACCGUGGGCGGTCUGGUCTCCTUGCUAGGGGAGGUGTTUUGGGTCGAGGGCCCGGCCGCAU
131,TGGUCGAGCCGGTGGCUTGCGGGGCAGGGTGUGAGCUGGCUAGGGGGGACTGGUGAGTGUGTGGGGGGCCGGUCUUGGCAGUGGGGCCCCCGGTCCCCGC
132,GGTGTGAUGCGTUCCCGCGCGGGAGAGTGGGCGCGCAGCCUCCGGCGCUUGGGGGGGGUGGUTGTCGUGGGUGUTGGCGGGGGGGAUCGGAGCGUCGGTA
133,GGUGCCUCCCGCGGGGCGGUGGGGGGUGGUUACCGGCUGTGTCAGCUGAGGGUGGCGTGGGCAUGUCUGTGCTGGCCCTUGGGGCCGUUGCUCGTAGGAG
134,CGATGGUGCCACCGGAGCCCUCCUACCGGTGGUGACGUGGGGGUCGGGGCGCUCCCGGAGGGCUCCGCAGGGGGCGGCGCCCGAGGUGGGCGGGGGCCCG
135,AGGCUUGUUGAGCCCGCGGCUGAGUCCGACUGUCCGGUGGCGGCGTGCCCGAGGGACCCUGUACCGGAUCGGGGAAGGTGGCTGGCGGGGGCGCTGCTGG
136,GCGUGGGGCGGGGCGTGGACCGGGGTGCCUGGUAUCGGGGGGTCUUCGCCCCATGGGCGCAGUGUCTCGCGAUGACGGGCAGGGCCGUUGGGGCCGCGGC
137,CCUCCGAGUUTGCGTCTGTGUGGGUGCCGUGCGGCCCGGGGGGGCACTGCGTGCCCTGUGCCCCGAGUAGGTUGCAGCGGGCGGGGAGCUTGGGGGGGGC
138,AGGGGCUGUGTGAUUGGCGUGGTGCCGGTCGGGCUCCGGGCGGCCGAGGCGGGGGGCGGUUCCUGCAGGGGTUGCGGGGGGCCGCUGAGGGGGGTGGUTG
139,GCGGCGGGCTCGCTGTUGGGCGGGCCCUCGGGGTGCCTGTGGUGGGGCUGCGGUGUGGCCTUCGCCAGGCCGGGGCGTCGCCUGGGGCGGGCUGGGCGAC
140,UACGUUGCGUGCGAGUAGGGGGAGCGGCGCCGCGGGGUCUGGGCGUGTCGGAGUGCUGCGUGGCUGGCGGGGGCGCCCCGCGTCTCGUAGGGGTUCGTCG
141,GCGGGTACGGGCGGGGGUAGGGGGGGGCGGGUGGAGGGGGTGCGGGGTGAGUGUACGCGCAATCCUGCGAAGGGGGCCACGGGGGGUGTUAGGGCGGCAG
142,GGGUCGGGGGGAGAACGGGGAGCGGGUGGCAGGUCGCGGGCGGTGGGGAGUGTUUUGGGGGTCCGGGGCCCTUUCGCGGGCGUCGTAGTCGGGGGGCCGG
143,GGGGGGGGGCGAGGGCAUGCUGGUTUGCCGTCATCGTGGCUGGGGCCGGCGGGCCCGGGCGCGUGCGGCGGGGUGGGGGGGGGGUGCGGGGGAUGAGGUC
144,UAGGGGGGGTAGGGCCUCGGUGATCGTGCTUGGCGGGUCUGUGTCGGTATGGGTGGCCCGGGGGTGGGGCCGCUCCCUCGUGGAAGUTGGGCCGGCUGGU
145,GUCCGTCCGGGCGCGUGGGGGCGGUGUGCGCACGCGCCGGCGGCTGGGCGGCUCGGGGGAGGGCGGGTCACGGCGGGUATCUGGCCGGCCGCCGGCCGGG
146,UTTGGGGGCCCGCGGAGGGCGCUGGGAGCGGCGCGGGUTCACGCGCGGUGUCCCGCCCUUGGCCCGUGCTGGGCCGGGGAAGGGGGGGGUGGUCUGGGGC
147,UCGGUUUCCCUCCUCGCCGGGCGCUAGTGUACGUCGGGGCTCTTCUCGUUGGGCCCCUUCCCCCGCTCUGGTACTTCCGUUGCGCGGGGGGGCUAGCCTT
148,UUUGCCGGGGCCUGUGTGGUGGTCUUGGAUGGUUUCAGGGGCGGTGGCUUGGCGGGGGGTCCGGCTGTGCUCTGCCCGCCGGCAGCUGGUTGGGGUGGGU
149,CGGTUAGUCCCCUTUCACGGGGCCGAGGGGUGGCGGCCGGGCGTGTUACGCGGCCGCGCCGCUGACGGGCUGTCCUUGGGACGGGGGCGCAGGAGGGGAT
150,TCUGCUGGGCGCAGGGCGUGUTGCGACGGCCGAAGGACGGGTGGCGGGGGGGGGGGGUCUGCGAUCGCCUGCAGGGGGCTGGGAAGGGCGCGCUGGCAGA
151,GGGCCGCGAGGGUGGCAGCGUUCGCGGGTGCTGGTGAUGGTGTTGCGUCGACCCGGUGGCCGTGGGGGGGUGGGCGGCATAGCGUUGGGCCCGGGGGGGG
152,GCAACCGCGCGCCGGCGGCCAGCTGCCGAUUGGGCGCGCGUGGGCGGCAUGCGTGCGGGCUGAUUGTCGGGGGGUUCAGCCGGUTCGCCGGAGGTAUGGU
153,CGGGCGTCGGAGGCTGGGGGCGACGGAGTGGCGUCUCGCCCTCGGGACGGCTGUGGGAGGCGGUCCGACCGGUCUGGUGCGGCGCGGTGATUACCAGUUG
154,CCGCCAUGGGCGUCGUGCGGGGCUCGCCGCGGAGGATUCCAGUGCGGTGCGUTGUGTTTGCUGCUGGGGCGCCGUAGUGUGGCUAUUCCUGGGCGGCUGU
155,GCGGGCUUGCGTCUGUUGUGCCGGCGUUAGGGUCCCCCCGCGGCGCTGGGUGGGGGGGGCUGGGGGGGGCGGCCCTGAGGUGGUUGGCGGGGACTCGCGT
156,TCCGUUATGCTGCGTGGGGCGUGCCTGGCGUGGGCCCGCGAGGAGTCCUCTAGGGGGUTGGUGUGGUGGTGGUUCCGCUCCGGAGGGCGCTGCCGCGCTG
157,GUGUCGGGCTGCGCGCGGGGGCGGGGGCGCCGUGGCGGUCUGGGUGGGUCUAGGUTGCCUCGAGGUCGGGTGGACGGUCACCGCCGGGCGGCTCGGGCGG
158,GCCGAUUGGGCGCCGCGCGGUGTGACGGGCGCUGUTCGGCGGGCTGCGGCGCAGCGGTGCGGCAGGTGGCCGGCGGCGGGGGUGCGGUCGGCGCCUCUCU
159,ACCCGGCGUCCGUAGCGGGGCUGCAGGGGAAGUGGCUGAGGCGGCGGCCGCACGGCGCTTGGTAGGUUUGCGGGCCCCGGGGCTUGUGCUGUGCCGUACG
160,AGGGUTCUGUCGCCUGCCGCCUCGCGCCGCTGGGCGGGCGUGGGGCAUUGGGGGGCCGGGUUCGGGGUCUTCGCCGUGGCGCCCAGGUGTGGATGGGGGG
161,GGUUCGGUAGCUUUGGCGGGAAGGUGCGGGGGGGUGGGGGGCCGGGCGGGTCTGGCCGCCGUCCCCUCGGUGACGGGGCGGGUGGCGCGGUGGCCUUGAC
162,CAGGCCGGGGGCUUGUUGCGCGGGGCGCAAGACGGUCAUGUGAGGTUGCUGGCGGGCGCCGCGGUGCUGGGATUGGGGGUGCGGCUCGGCGGCCUTCCUC
163,UGUGCAGGCGACUGGCUCGUCGGGGAGGGTGGCTGGGGCTUCCCCCGGGGGGGGGGGATGGUGUGUGUUGGAGGCGGGCCCUCGUGGGGGUCGGGAGCUG
164,GGUGGCCTCGCAGTTGACUGCGACCGCUGCGTCGCGUGCGACGGGGCCCGGGGCCCGCTGCUCCGCCGGGCGGGGGGTCCGCGGUGGACAGCACUGGTGU
165,GCGCGCGGTCUUGTGCGAGGACGAGCGGCTGGUCGGGAUGCCGGGCCGTGCUCGAGCGGUCGCCGGAGGGGGAGGCACCCGTUGCAGTCAUCGTGGGCUG
166,GGCGCGAGGGGGGACGGGTGGUUGGAUGGGGGGCGCCGGGAGGGGTCCTGGACGGGGCAGGGUCGUCCAGUGAGGGGGGGTAUCUCUCGGGGAGUUCGCG
167,GAUUUAGUGCGCGGGGCGATAUGTGUGCUGGCGGUTGCUAUGGUGGGCCCUGCGUGGGGAUGGCTGCUGUGGCGGGGGGUGCUUCUGUGTGTGUGUGAUG
168,GTGGTUGCGAGCGGGAGGCGTGTGCCAGCCGCCCGCGCCCCGGUGCCGGGCUAGUUCCGGGGGGCCUGCGCGCAGGCUGUUGGCTCCUCAUCCGGUUGUA
169,GGCACCGGCAUCCUGGGGCUAGGCGGGUCCCGUGUTGGCUCCGGCGGCGCCCGCCCGCTGGGCGUGGGGGUGGGCAUGCGGGGGGGGUGCTTCCGGGCGG
170,GGCGCCGGGCGGGCGUGCUTAGUGTAUCGAGGCGUGGCCGTGGGGCGCUGGGCGTGGCUGCCCCGGGGGGGGUAGGUUGCTGGGCTUCCCGUUGCGGCGC
171,TCGCGGUGCGCACCGTCCGCGCUGGAGGGGCGGCGGGCUUCGCGGGGGGUTGCCCCUGGUGACGGTACTGCGGTGGGGGUTGUCGGGGGCTCUGGGGGGA
172,CGGGACAGGGCAGCGGGUGCCCUGGGGCCCGGGUGUGACGGCGGGGGCGTCGGCGGCGTGAGGTGGUGGCGGCGGGCCCTGGCAGAGGGCUGAGAGCGUG
173,UUGGCCTCCGTGCTGAGCCGGGGGUCGACGCTCGAGGUGTGGGCGTCAGAUUUGGUGGCGUUGGGUGCCGAGCCGAGUGGGCUCCAGUCUGGGGGCCGGG
174,GGCTUGGGUGCUTCGCGUCCCCCCGAUGCGGGGCCGCGGAAUGCCAUGCCUUGAGCACCUCGTUGGUGGGCCGAGGGGGCGGTUCGCGCCUCGGTGGGTG
175,GTCGGCGAGCCGGGGGGGCCUGACUCGGCUGGUGGGGGGGGGGGGGCGGCCGGGAGCUUGGCCGGAGGCGCGUCUAGGTGGCCUGAGGACGUGCUGCGGC
176,CTGCGGAGUGCUUCCUAAGCUGGCGGCCGAGGCGGCACCGTGGUGGGGCCUGTGCUGUGUTGGTGCCGGAGGCTGGAGUGCGGUUGCCUGGGCGCGGGUC
177,GUGCAGGCGCCGCCUCGGGGCCCUCCCGGGTGGUUCUUCGGCGCGUGCGAGCTUCGUGTTGCCGGCGGCGGUCCCGGCAUAUGCGGUGUCGTGTUUGGAU
178,CGCGCGUGGUGGGCGGGAGGCGUGUGTGGGUGAGCAGUUCGTGGGCCGGTAAGGCCGGGAGCGGUGGGCGCUCCGUCCCUGGCTGCGGCGUGGCAGTCCC
179,GGUGGGCUCGGGUUGTCUGCUGUGGACGUUAGGGGGGGCGGACGAGCGUTGCGGGTGUACGGGUGGCUGUGCGGGUGGGCCGCTGGUCCGCGAAGGCGUG
180,TGCCUCTGCUGGUCCUGCGGTGGUUGGGGGUUGGGCGUGGGTTCGGCUGCGGCGGCUCCGUGCGCGGGAUUUTUGGGGCGGGCTGTCCGGGGAGGGGGGU
181,GGGGAUGCGGTGUCCTGAGUCGGGCGCGGUGUTTCGUGGGGUCUGGCGGCGGGUGUGCUCCGGGAGGUCTCGCGGGGGGGTCGGUCCUCCCGGGACCACC
182,TCGATGGCGGGUCCGGCGGUUGUCTGCGUAUGCCCCGCGGCUGGGTUGGGGUCGUUGGGUTCCGCCGTGGGTGAGUGGUCUGGCGGTCGUUGTUTGGCGG
183,TTCUGUGGUCGGGGCCUGACUGGAGCCUGGCGCGGUGGCCACGGGGCUCCGACTUUTGTCUGGACGTGCGGCGGGGGUGGCGGCGUCGUGGGCACGUAGA
184,UGGGGGGCUCUCGGAGUGCGGGGTCGCCGCGUGCGUCATCGGCUGGGGCACGGGAUGCGCGUGGGAAGGGCTTGUGGAUGGCUGGGGTGCAGCACTTCTG
185,GGCGCCGTGCTGGGGACUGCCAGGUGGAGCGGGGTCTUCGGCUGCUGGCGGGUGGGGCAUUGUGUCGAACGCGGGTGTGUTCGGCUUGCCGUTTCGGATC
186,GCGGTGCGCCGCTUGCTGCCGCCUGGGGGGCGCGCUTGUGCGTGGGUCCGCGGGGTUGGGGGAGUTGUUCUCCGGUGGUGGCCGUTGGCCGGGCTTGCCG
187,GGCGGTGACCCTCCGGGCCGCCGCGGGCGCAGGGCGCUCTGAGGGGGGGCGTCAUCGAGGGGGGGCGGCCCCGGGCGCGCUGGCCGUUUGCGGGGGGGGG
188,CGGGGGGGUGTGCUCCUCGGGCCAUUCCGGUAGCTGCGGGGAGGGGGGGGGGCAGCAGGGCUUGGAGGCUGUGGGCUUCTCGCUCGGGGCCTCGGGUGGC
189,GCUCCCGGGCGTGAGCCGGUGGCCCGCUCCCUGCCCCGGGCAUGAUGCGCUUCGGGGAAGATGCCGCGGGTGGCCGGGGGAGACCAGGGGUUGGGCGGGG
190,TUGCGGGCGTAGGUCCGGCGGGTCCGCGUCGGGAUCGUGGGCGGUCUUCGGGGGTUUGAGGCGCCGGGUCGGCUCAGACGCGGCCUCATGCGTCCGTUGG
191,CCGUUCCCGAGGGCCATGUAUCCGAAATGCGAUGGGGUGGGTGGGGTGUGGGUCCUUGGGCTUGGGGGGCGGGGUUGGUGCCUGGCGCCCGGGAGGGGGU
192,GUGGCGUGGCUGACCGGUGGCCGGCGGAGGGUGAGGUUCCUCGGGCGUGGCGGGGTCUACGGTCCCCAGCGCGGTGGGCGGGGCTGUGUCTCUCCGTCGG
193,GACACCGCTCGUGGCGUCUCGGCAGCGAGGGGGTGCGCCGGGGGGGUGCGGCGGCGAGGGCGGGAGGGGGGCCCGCGUGCGGGCUUUGCGTGCCGCTCCG
194,TCGCCGCCCGGUCGGGGGCGGGGGCGCTUGGTTGAUUTGCTTCGCTGGUUGGGGGGGGTGAGTGCCGCGGGCCUCGGGCGGGGGCGGGGCCGCCGAUCCG
195,ACCGTCAGUCTGCGGCGACCGGCGGGGUCCGGAGGGCGGAGTGCUUCCGAUUCGGCCGTGUGAGGATGGGCGCGGAGAGGGCGAUGCGTAGGGTGCCUGT
196,ATGGGTGUGGCCGTUGGUUCGAGCGCCGGUCGCGGCGUCGGGGCUGGGGGUAGGGCUGGGUUGCGTUGUGCCGGAGCCUCGGGGGUCGCCGGGCGGGGTG
197,CGGUGGCGAUCCGGCCCGGCGCCCGGTCGGUCGGCUCCCGGGCGTGGGTGCCGCGUGCCATGCCCGUUCUGGUCGGAGGGCCCGTGGUGCCGGGGGTUCU
198,ACGGAGGGCGGGGCCCATGUCCUAUGGCUGGUCCCGGGTACCUCGCGUCGGGGCGAUGGGGUUCGGGGGGGGGCGGGUGGGGGGUCUGCAUGGCGCCUCG
199,GTCGCAGGACTCGACTUCTUGTGGTGUGGCGCCGAUGACACGCGGCCGCUGUGCGGUGCCGGGTGGCAUGUTAGGCGUGTGUGUGUGGGGGGCTUGAGCC
200,GGGGCGUCGCGUTTGGGCCCGAGACGUGGGGGGGUCGGGGUGGGUGUGGCGGUCCCUUGTGCCGCGCACACGCTGGGGGUGGGCCUCCGGUGCCGTGGCG
201,GUGUGCGUACCUACTUGTTCGGTGGCTGGGGGGGCCGCGGGGGGTGGGCUAGCGCGTUUGCGGGGGAGGGUGGATGGUACUGUTUUTUAGCGGTGGCGGG
202,CUUGGUCAGCCGTGUGGGTAGATGGGGUGGAGCGGUCGGCUACCGGAGGCUTACGAUUGGCGGUGGCGGGUUGUTGGCCCGGCCCUUCTCCGAGGGAGGG
203,GGCGGCUGCCGGUGUTGGGCGGGGGGGGGCGCGGCGGCTGGGUGGGGGCGGUGGCGGGUAUCUTGGATTGAGGGCCGGGTGGCGUTGTCUCTTGGCGGCG
204,UUGCGGGGCGUGCGCGGGGACGGCGGCGCTGGGGGGGCGCGUGGGAGUCGGGGGAGCGGGGUGCGTTTGCGGTCGGUAGTGCUCTGUGGUTGAUTAGGTG
205,GCCUUTGCAUUUCGGCUGGGCATCUGCGGUGCGCGGGGCCCGGGUUGGGGTGCGGCGTUGCGGGGGGGCGUGTGUCCCUUCCGAGGCCUGGUGCCUGCGA
206,CTGTGCCCCCGGCGGCCUGGCCCGGUCGGGGCUGCGGGGCGCGGGGGGGCCGACGCGGGGAAGUGGGGGCCCGGGGUGGGGUGGCGGGGCCGUGTCGGGG
207,UCCCGGGUCCGGTGCGCGCGUGCGTCCGCUCCGGAGCGGGCCGGGGGGCUGGCCUAUGGGGGUGGCCGCCGGGGGGGGAGTGUCCUGCCGTCGUCGCGGA
208,TGCAUAGGGGUTGCGCCGGTGGCCGGCTCGGCCUCCTCGGUCGGGTGGUGUTUGUUCAGUGGUCGCAGAGUGUGGCAGTGGCCCGACACGCGUGCUGUGG
209,GCGTAUUGCGGGGGTCGTACGGGTGUCGCGUUGGUUGGGGGTUGTCCGGCGGCTTCGGGGGCUGGGGTGCCUAGCGCUUAUTGGCCCCGACAGCGGCGUG
210,GUCCCUCGGATGUGGGGGAGCCTGTGGGCGUACCGUCCUGCUCGCCACUCGCUGGUCGCUCGCGAGACGCGGGACGGGGGTGUGGUGGGUCGUAGTGCCU
211,GGUCUGGUCCUCUGCGGAGGCGAGGGGGUTGAGGATGGCCCGCUGGUGUGGGGGGCCTGGGAUCGTUUCGUCUTAGGCGGTTUGGACTGGGGCGUAGTCC
212,CGGCAGTGGGGGAUGCCCGGGGGGUGCGGGGGGCUUCCAGGCGUGGGGCGCCGUGCGGGGCGGCGUGGGCCGGCGGGGGUCGGCCGGCCGGUGGGGGCCA
213,GAGGCACUGGTCAGGGCCAGGGGUGGCACAGCGGGUGUGCCCGGGGGTCCGCTUGAGGGGCGCTTCGCUUGUGCGCCCGGGGUGCCCGGUGGACTGGAAG
214,GCGCGUUGGCCCGGTGGCUGGUGTGGGCCUGGGGUGGUUTGUGCGGGCCCCUCGGGGGGGGGATCUGGUCGGTGGGCGCGGGGAGGCGCCGGCUGAGCUC
215,UCGUAUCGGGGGUGGGUGGGCCTCCCGGGGCUGCGCUUCGCUATCGTGGGCGTAGGCCGCGGGGAACCAGUGGGTTGGCGUUTCCUUAGCGAACUGGGGG
216,CGGACCGGCGTGCAGGCUCCCCGUCCGCGGGGCGCGGGGGAGUCUAGCGGGCGGCCGGCGGGTGGGGGGGGTGAUCGGGGAGCGCGGCGCGGCGAGGGGU
217,GACGTCGACCGUCTGUCGGUCGUGGGCGGCTCCCGCGGGGGGUCGGUGCCGGCTGGGTGUGGCAGAGCGGCCGCGUUGGGGGACGGUCGGCCGGGGGUGU
218,GCGGUGUGTGGCTGGACGUCCGGAGTGGGGCGGTUGTGGCCGGUGGUGCGCGGGTCGACGGGUTCGGUCUTTGGCCGTCGUUGGGCACGGAGGUGUGGTG
219,GGCUAUUGTCTGUCCUCCGCUGUAGCCCGGUUCGTGGGCGGGGGGCUCGGGCGGAGAGGCUGGGGGGGCTCGGGUGACTAUCCAGGGGUGGGCGGUUUGU
220,CGACCGCGGTGTGACGGTGGGGGGGGCCUGUGGGUTGGCUUAGCGCGUGGUCGGTGUCCGGUGGCGGGGGCCTGGGUCUCGGGGUUGGUACAUGCGACGC
221,TGCCCGUUAGCGGCGGCUGGAGGGAGGCAGGGGUGGGCCGGGCGCGGCCGCCGGCCCGGGGGCCGUGUGGGCUCGUACGGGCGTCGGUGCGGUUGCAGUA
222,GTGGTGGGCGGUCGCUGCCGCTGACTCAACCGGUCGGGUCGCGGCGCAGGGGGGGGGUUCATTAGGUTUGGTUGGAAGCGGGGCCGCUGGGCGGUGCUUG
223,CGGGCTAUGCUGGGACTGCGGGUTGAACCGCGCGCGCACUCCUCCTCGCGUCCCGCTGCAGUCCGCGGGTCCGGGGAGACGUCUGGGGTAUGGTGGGCGG
224,GCCATCGCCCGUUCTGCCGGCGGTAGGCCCGTAGGCCGCGCCUGGTCGCCCGGCACGGGGGATGGACGUAGCGGCUGCUGGGUGTGCTGUTGCGGCGCGT
225,UGTCCGGGGCUCAGTAAGCGGGGGGCCGTGGGGAGACCGGGTGTCTTGCCCGGGUUGGGGCGUCGUGUAGCCGGUCGCGGCCGAGGGCGGGGCCGGTGGC
226,GCCGCGCUAGCCCGCCGGCCTGGUTGGGCCGCGUGGGCUGCGGGUGGGGGCUGGUCGCGUGCCGGGGCGCCCGCTCUGGGACGUCGUGAGCCGGCCCGAG
227,CGCCGCGUACGACTACGUGUGUUCGGAGCGUGGCCCTCUCCCGUGTGCCACCGUGGCGGGCGGGUGGCCGGGCACGGCCUCAGACGGGCGGCCTGGGGGG
228,UUGCCGTGGGGAUGCGGGUUGAAGCCGCGCCCCGCCGGGCGGCUGGUCATTGGGGUGGGGCGCCCGGGGTUGGCCCGAGCACCGGCCGCTCGUGAAGCGC
229,ACGCCGCCGGGUUGUAUGCGGGCCTGGGGUUGGCGUGGGUGGTACGGCGAGCGGCGGCGTGAAGGAGGCGGGGAGGCCCGCGCCGCGCGGCGCGUCGCGU
230,GGGCGGACGCUTUGCGCGGGCGCCGCTCUCCGGGGUCGGAGGGCCCCCGAGCGGCCGCCCAAGGCUGGGGGCGCGGGCTCCUCCCGCGTUGAGGCCCUUG
231,CCACUUGGGTCGGGAGCCACGCGGGGUGCCGTTTACGGGGGUGGGGGGGTTCGCACGCUAGTAGGUGTCUCGACGGGGUGUAACGGCGGCGCUGCUGGAG
232,GGAAGCCGCCCGAAGUCGCCCGUGUGCGAGAGAGCCGCUGGCACUCCGUGGGGGGCGCCGGGUGGGCAATGTGGCCACGUGGGGGGCCCGCCTAGGGUUG
233,CCCCUCGCGUGGGGGAGGCAGGCGGCGCUGTCCGGGCGUCTGCUCGCTGGTUUGGGCUGGCGUGGCCGCGGGUGUGGCGCGCTGTCGCGCCTUUGUGGGU
234,CAGTUAGCGCCGGGGGGUGGGGGGAGGTCGUGGGCGGGCGGTGGCGCGTGGUGGGACUTGAGGGGGUGCCGGCTGCACGGCGGCCGUCACGUGGATGCGG
235,UGAUGGGCUGTGGGCCCGATTCUCUGGCGCCCCCGGGGAAUGGGGGCUGUCGCUCGGGGCTCCGGGGUACGCGUGGCGCTUCGGGGGCGTCCGGCGGGAG
236,GUGGAAGGGCTGAGCCGCAUGGCCCGAGGGCCTCCCGGGGGGGGGUAGUTGUUGAGGUCCCGGGGGUGGGGUTGGGGGCGCGGTACCGGAUGTGGAGGGG
237,AGGGGAGGCGGGUCGGGGGTACACGGGGGGUTGUGTGTGGAAGGUGUTCACCGCGGTCGGGACCCTTGGCGCCGGGUGGUAAGGGCTGGUCUGGUCAGCG
238,CUGCUGGGUGGCCTGGUGGUCGCGTAGGGUGGCCUUGGGUTGGGGGGGGGUGGTCGTGGCTUGCGCGCGGGGUTGGCGGGGTGCGGCGCGGGGGCUGTUC
239,GGGTUGTUAGACUGGUGTUTGGUCCTGTCGGGUGCGGGGAGGGGCGGGGGGTCGGAUUCTGGGGUGGUGGGGGCAGCGTGGGGCUCGCUGGGCCCCUGCG
240,GTGUCGGAGGGGGUGGGGGUCCCTCGGCCGGCGCGGGGGTCTGGUGCGTUAGGUAGUCTAGGGGGGCGGGGGGGCUACGGCGCGGAGTUGGUCGCUUCGG
241,GCCGGGGCGUGCACUUGCAUGGUCCGCUGUGAGGGGUUTGCGGGTGCGUUGCGAGAGGGCCGCTCAAGTGGGGTGTAGGUGGCGGGGGCCCGCCGCUGGC
242,GGCGGGGGGCUAGUGGCCGGGCAGUUCGUUCGGGGGGGCGUUCUGGGGCGCAAGGGAAGGGGGGGCAGUCGCGGGGGCGGAGUCGGACACCGGGGGUGGC
243,GGGUGCUGGGUGUGGUUCCGACUGCGGGGUUUGGAAGGUCTGCGTTGGGGCGGCGGCGGGGUCCGUGGGGTCGTGGCGGGGUGCUGGGGGUAGAGGCGUG
244,CGCCGGCUGGGGCGCGCUCCTCTGAGACCGGUGUGGCCGUCCCCCAGCGCGTTGGCGCCCGGUGGAGCGCGGGCGGGCGGGUUGGGCUCCCGTCCGGGGG
245,GUGGGGGGGGCUGCGCGGGUTGCGGGCUCGGCGCGACGGACCGGTCAGCUCGCGCCCGGGCUCGGGUGAGUGGCCGGGGCCGUCGTGCCGGGGCCTCGGA
246,GGACGGTGCGAGGGCUCTAUGGGGCGGGGUTUGAUCGACGGCGGTGGGUGGGCCCGGCCCGGGGAGCCGGUGGAGAACUGCGTGCCTCCGGCUGGGGUAC
247,GCCGCCGGGGGGUGCCCUUGUGGCTGCUGUCGCCGUGGGGGUACCCGUCGUGUCTGGGGGCCGGGGAAGCGCGUGCCGGCGUGCUAUTCTGAGGUTCUGC
248,GGGGGUGGGGGCGGGGGCTGGTCGTACGCGCCCGGGCACGCGGCGCUUTUGUGGCCGGUCGCGCCGGGGGCGUCGTATCGGCGGCGGGGTCUGCTGGGUC
249,UCGCGCGGGGAGTTGGUCGTGGGGUGGUGGCGGUGCCUGGGGCGUCGGGUGGCGGGGGAGCGCGCGUCGGGTGTCCGCCGGCGGGGGGCCGGGGCCCUGC
250,TUGTUGGGTCGGCGGGCGAGGGGGUCUCTGCGAGGUGATGGGCGGGUCGGGAUGCCGGGCTGGGCCCUAGGAGGCGCGGACGGTGUCACGGGGGGGCCGG
251,UAGCGGGGGUUCUUCCGCGCAUGUAGCGCGGGCGGGGAGGCGCGGCGUCCGTGUGCCUGGCGGCCGCCGGUGGCCGGGUGUGGGGCAGGGAGGUGUCUGT
252,GGACGCAGCGGCGGCGGCUGGUCGGUGGGUGGCGAGGGGGUGTCCUGGGGUGCUUACTCCUGGGGGAAUUUAATCCGGUUCUGGGCTCGGCTCGGGCATC
253,GCUGCGCUGGTUGGCGTGCGCGCCGGGGUGTGGGGGUCGGGGCGGCGCCGUUCUUGCGGCCGUCAGGGGAAGGGCTGTTCCGUAGCCUGGGUUTCUCUCG
254,GCACGCUGGGGGGGGGGCCCGGGUACGAGGCCCAUGGUTCGUAGCCGUGGUGGCGCGCTCCUUUCUAGGGCGGGUGCACCGTUGCCCTGTAGUGUGCGCG
255,GUGAGGGGCGCAGCGCGCCCUTGGGGGGGGCCGCGCCCGAGCGTCCGGGGCTGGGUCAGGUGCTGGCUTCGGACGCAGCTGGGCGGGTGCGGGGGGGGGG
256,GGGGCCGCUGCTUGTCGGGUUGUCGCTGGGGCCUCGCTTTGGGGUGACCGGTTCGCGUUCGGCGGTGUGCUGGGGUGUGGCCGCGCGUGGCAGGGCTAAU
257,GCCUUAUUGTGGGGAGGCGCGGGCGGUCGGGCCGAGUUAGCGGUGGGGTGGGUCGGCUGCUGUCUGCGCTACCCGTGCGGCUGGGUAGGCGGGAUCGAAU
258,ATUGTGGCUCUGGGGUGGUUGTUCGGCAGGUGGGCGUGTGUGGCGGGGGGGGUGUGGUGGTGUGGGGCGCGCGUCGGTGCGGCGCCGUGAGCGUGGGCTG
259,GAGGCUTGGUCCGCACGUCGGGGCGCGGCGGGCCCCGGACGUUGCCCGUGACCUGGCCCCCGAUGUACCGGCGUGTCAGCUGUTGCUCGCGCCGGACGCG
260,GGUGGCGCGCGTCUUGCGGCGUGTGTGGGCUTTGGGGGCUTCGCGCCGGGCAUGUUCCGCUGTCAUGGUCGGGGGCUUCCGUCCCGGGCATCAGCUUUGG
261,GTGGGGGUGAGCGGCGGCUUGCCGCCGGCGGCGCGGCGGGGGTAGCCGCGGGGGGCGGTCAGTGCTCGGUCGGCTGCGCCCGGGGGGGCUUUAGGGCCCT
262,GCCCCCUGCGGGUGUACGCUAUCGCCGGGGGCGATGGGTCUUCGGCGTGUCGCCCGGGGAUACUUCUCGCGGGGTGAUGGCCGCTGGGGGCGGGCTGGGG
263,GGCUTGGGGGGAGCGGCGGGGCGCGGGUCTGGUCGGGGACACCGCUGGGGCGGTGGCGGCCCCAGGGCGGGGAGGGGGCGGGUGGGAUACGCCTGGGGUG
264,GGGGTGCGGAGCCGGGGGGGCGGGGGGGCCACGGUCGTCUGGGUCCCACUCGCTGCGCCCUGCCCUGCCCUUGGGGGGGGGAUGGAGUGGUGCTGGTGTC
265,GGGCCGCGGCGCCTCGCGGGTGUUCCTUGTACGGGGGGGGUCCCGUGGAGGGGGCCCGGCCGTGGGGCCCGGGGGGACCCGGCCGCGCUGGGCUGCCATC
266,CCCGGGGACGCUAGTGGGGACGGCCACUGGGGAGAGGUCCGGGACGAGAUUGUGCGGCGGGGGGAGGGCGTGGGGTCTGCGGGGGAGUCTAGUCUCCGUG
267,CAUGGUGAACUCGUGGCUUGACGGTGGUTTGCTGTGGGCUCGCCGUGGGGGUGUCCCGTTCCTCGGGGCTGGGUCGGCGUUCCGCGGUGGGGGGTACCUG
268,CGCCGTGGGGACCGGAACGCGGGACGUGUGGGGCUGGAAUGUGACCGUGGUGGGGGGGGCGCGGCUGGGCUGGUGCCGCGCGGGGUGTCTGGGCCGCCCT
269,CUGCGCGCGACUCCGTGCGCUGGCTAUGGGCGGGGGCGGGGGGGGGUCGUCCCGGGGCCGAGACCGUUAGCCGGUGGUUCCUGACGUUCUGCTUCUUGCG
270,AGCGGGCGTGCACGGGGGAUAGGGAAGCAGUUCGCGGCCGGCCCGCGGCGGGUUGGAAGCCCUCGGCAGCGGGCGGGCGUCUGCCGGCGATGGCCGCTGC
271,GCCTTUCCTGGGGGGGGGCCCGCCGUGGCCCGTGGGCGUCCCAGCUCGGGAGCCGGCCGGGCTUAAGGGCCGGTCAGAGACGCGGCGGGCGGCGTCCGGG
272,GGCGGGTGUGGUGUCGUGCCGCGUUCCGGCCCGCUCCGGGAUCGCGUUGGGGCTUGTCGGCGGGGCGTCGCGGGCCAUGGCCGUGGGGGGUCCGTUGGGC
273,GGGGTCGCCGGCGGGGGGGCUCCGGGGGCCGGGGGCGCGCCGGUGUCTGAGGAGGUCUACGGGGGGGCGUUGGGGGUGGGCCGCGAGGGCGCUGGGATUC
274,GGUGUCGGGCGGGGGCGGGCGGGCAUGCGCCGACGTGCCGGGAGUCCGGCGTCGGCUGTUGCGGGCGGCGGTCGUGCCGGCGGGGCCCAACGGGGUTUGC
275,GGGGCGGCTGGGGUUCGGACCAGGGGGCCUCGGGGCCGGUGGTTGTGCTGGCCGGUTCTCUCGGGTGGCGCTGAGUGTCAGGCGGGGGGGGTGGGUGCGC
276,GCGGTTGGACCGTCGGGGUGGCGAUCGTCACCCGGGTGGGCAUGGGGGCUCCAGGUTGCTCUGGGAUUCGCCCGGCAGUCGGAGGUTGAGGAGAGGCCGG
277,TAUCGUTTCGGAGCGUGGGCGTGUGCAUGGGGCGACUGGGUGGGGTCGTTGGTACGCGCGGAGUCUUGAGGGGGUGGUCCACCGGGCGGGUCGGUGCAGC
278,CGGUGCGTUUGATGGGGGTGAGGCGCTGGUCGTAGGGGCGGGGGCGAGACAGAGCGGCGGTGUCCTGCGCUGGAGCUUCGGUGGGGGGGGGGGUUUTGGG
279,CGGCGTCGGGCGUCCUCCCGTGTCCCGCCGGGGUGTUGCCUAGGGCGGGGGGGGCAGGAUUGCCCGUCCCGGGCCGGCGGTGGUGGGAGGCGCUCGCCCG
280,GGAUGGGCGTTGACCGGGUGGTCGGGGCGGGCTGACTGGGGCGGGGAGGGCTUGUCUTGGCGCGCTUCCCGGGUGUGTCGTGGUCGGAGTGGUCUGGAGG
281,GGTGGCGGGGGAUGGGUCUGGGTGCUCGCCGGCCTUCUGCACGCGAUACUGUGCGTGTGAGAUTGUUGCGGCGGCUGGGACCUUTTGUGTCGGGGGUCUG
282,CTGTCTCCAUUGUCCGGGGGCUGUGAGTUUTGCCGTCGGGGUGCGGGGCCGGCCGUCCGCGGGGUCGGCAGGCCGTATAGUCTAUGGGCGCCGGTGGTGT
283,UGTGGCGGGACGGCGCGCGCCGAGGCCGGGGTAGUUGCGCGGAUGGGGUCCCGGGUUGGGGGUCGCUGCGGGGUCAGCGTTGCGCUGUGACAGCGUGACG
284,GGGGGGUGGUCGCUGUGGGUTTGCATGCGUTGGGGACGCGCGGGGTUUGUCCCUCGGUGTCGTCAGGGCGGGUGCGGCACCCGUCUGCGGGGGGGGCGGG
285,GCGCGGTCUGCUUTGGGGGGTGUGUAGGUGTGGAUGGCUGGGGTGCGGGTGCCUUCGCGGGGGAGCGCGGUCCGUCUUCGUCAGCGGUGUGCGTUGTTGC
286,CCGCCCGCGCTTGGUCGCCGTACAUGGGGGGGCCUCGACTGCCGUCGGGUGTCGGGAGCCGGGGUCCGGGGGUTCGGGCCCCUGGGUGCUCCGTCUGGGG
287,CUGUCCACGCAGGGGGGGCAGCAGCGCGGGGUCAGGGCCCACGGGUCGGUGGCUAGGGTGCAGCCUAGGGGCCGGAGGCGUGGCGCGGTCGGGGAGUCGG
288,TUGGGUGUCGGAGGGACTGTCCTUCUGGGGGCGGGCCGACGGGCGGGGGUUCUACGGGGTGTCTUTACCGUGGGCGUGUUCACCCUGCGGAGGUCCGGTG
289,GGUGGGUCGCUGUCCGGGCGGGCCGCCUGUGTGCGTGTCGGGCUCAAGGAGGCGUCCGGCGGGGCCGCCUGGGUUGGGGUTGGCGUGGGGCCUGUUACCG
290,UAGGGCGGGGGUGCCCCGGAGCACAAGGGCAUGTGGGTGCGGGCCACACGTUGGGUGGCCGGCTGGTUGCCGGGCGUTUGGAGAGGCGGGGGCUAGGGUT
291,GGGGCGTCGCAAATGCCGGGGCCGUGGGUGGGGGGGCGTUCGGCUUTGCUGGCGGCCCGCTGGTCGGUGGCGCCCGGUUGGUGGGTGGGGACGGGGGGAC
292,GGGGGUCCGGGCAGGAAGUTGGGAGCUGGCGGGGTGGUUGGCGGUUACGGCGUTGCCGUGGAAGTGGUCGGGGGGGACGGUCGGUGGGGCUUUGACGUGU
293,GGGUCAUGGCCGGUCGGGGGUGGGCGCGGCGGGTCGUGGATGGGACGGTGGUCGCGAGUUUUGTGGGUGUGGGCGGCGCGAGGGGCCCGUTCCCUTTGGC
294,GGUGGUCTGCCGGTGCCCGGGGATGGCGCCGAGUTGCCTGGGGCGUGUGACGCGCUCGTAGCTCGAGGCGCGGGUUCGAUCGGGGGCGGCAGGCUGTGAC
295,UGTGUCTTGGCCGCGCCCCCCCGCUGGTACGCCCGGGGCGGGGUCTCGAGACGCGCGUGTGGCGAGUGUUGAUGCGUCCCUCGCAAGGAGCAUAGGCCGU
296,TAGGGGTCCGCCAGUGGCGUCUGCUUCGGUUTCGCGCUGGGCGGCGGUTUUGCGGGUCCCGUGTAGCGGGTCGGTAUGCTCGCACGGGUUGTCCGUGUGG
297,GGGGTCGCCGUCAGGGCGAGTACUGUUGTGCGUGUGGCGAGTAAGGGGCGCUGGCGGTGCGTCTCCCACGGGUGGUGGTUGUGGGTCCGGUCGGTACCGG
298,TTGCGGGGGGGAGCAGGACGCCGGGGGUCGCGGAGCCUGGCGGGGCCTGCCTTGGACUGGCGGUCGGCCGCTGCGGCUGGGGTGGAGTGCGUCTGCCGCG
299,CCGAGGCGUAGAUGGGTGGTUUCCGCCGTGCGGCUCGUUCUCGGGCGGGGGGAGGGAGGGGUCTAUTGGUGUCCGCGGGCGGGAGUCUCCGGGAGGCACG
300,UAGGGAGCGGUUUGCGGCCGGGGCAGGGGGCATGTUUGGGAAGGUGGCCUTCCGCGGGUGCCTGCGGGGGGGGGTGTUTGCGGGGGGCAGCGGTGAUCCG
301,CGCUTGGCGGCCGCUGGCUGGGGGGGCUUUCAGGCGGCCGGGUGCGCGCGGTGGCGGGGCUUGTGUCUGGCCGCCTGUUCGCGCGTGGGGCUCGGGGCGG
302,CGGCGTGGUGGCUTCTUGGGGGAGGUAGGGCAGGGGCTGATACGGGGGUUGGGUUUCCUUGGTGGUGGGCUCCGUGGUGUCGGUTGGGGUCUGGGGCCTG
303,GGGGUGGCUGUGGGCCCCGUGGUGCGGUUGGGGUGCAGGGGGUCGGGCGGGGGGGCTGGTGGGGCCGGGGGUCUGCUGCGGGGGGTGAGGGCGGCGGCCG
304,AGCUGCCCGGAGTAGGCGCGCGCGTGGGUCGCTCGTAGTGTCCGGATCGUGCCCCUTCCGCGGGUGCGGGGGCCGAGGGGGGCGUCGCGGGTGCGGAGCG
305,UUGAGGTGGCTGGCGUUCGGCCGCTCGUGGCGGCGGGCGCGGCUGTAUUGUACCGGCGTGGGCCUGGGGGGGGCTGGCCTGUGCCGAGUGACUGUGCCGG
306,GGGCGCGGUGUUUUCGCUUCCUGUUAGGCTUGAGTCUGGGGUGGGTUCGTACGGCAGUCGGCGGGAGGGCUGGCTATCCGAUCUGUGGGGCCCATCGAGC
307,UAGGUCUGUGUUGGGGCGGGUCCCAGUCGGUGTCCCGGGTTGGGCGCCCCCCGGGCTGCTCTGTCGGGGGCCGCCGGCCCCGCGUGGTUGUGGGCGUGTU
308,GGGAAGCGGACGGCCGGCGUCAGGUGCAGGGAUGAGUUUUGCCGGGTGGTUGGGUCGGUGGGTGUGAGCUCUUUTGUUGAGUGTGGTGCCGATGGUCGGC
309,GUGCTCGGGGGGUGGGGGACGGUGCGGGGGGUGUTUUCGGGGGTUUGCCTCCGGGUUGACAGGTGUUGCGGGUCGCTGGCGGGGUGGCCGUUGGCGGCGU
310,GUCCGAGGCGGGAGCGGGGGCCGTCGGGCGCGGGAGGGCGGCGCGGTUCCATGGCUGGAGUGGGGUGCGGGCGGGTUGGGCUGUGCGGGGUGUGGGCGUU
311,CCGGGTUUGGGGUGGGUGGGGGCGGCGGGAGGGGGAGCGGCGGGCCATGCGGCGGCGGGCUGCGCUTCTGGGCGGGCUGGGGGGGCGUGUUGCGGCGCGG
312,TGUUGCGCUTCCCTGCAGGGGGUGCGAGCGGGGCGCAGCGGGUGCUCAGGAUUGGGCTCGCCGGGGGCAGGUCACCCGAGGCGGCCCGGGCGCTGGGGCT
313,GGCGGTGGTCUGUCTGCCCGUGTCTGGCUACUGUCCGCGCGAGGGGUCGCGCCGGGGUGGCTGGCGGCAGCGCGUGGGCGGAUGTCCGAGCCGTGAAGGG
314,GGGGCCCGGGGUCGGGGCTGGGUGGGGGGCGUACCCGCGCUGGUGGGUGUGCGGGGTCGGCGCGCCGAGUGGGTGCGCCGGGAGTUUGTGGCTGAGGGGG
315,UAGCTCGTCGGUACTGGGGGTGUCGGUCGCGATGGCGGGAGGGGGGGCCGACGCGCGUUGGCAGCACCGGGGGCGCCCGGTGGGGGGCGGCTCGGGCCGG
316,CGCGCCGGAGGCGGGGUGGTUGGGCGGGTCCTCGUUGCGCGGGUGCUCGCUCGUGGGGGTCCCGUCTCCTGCCGCGCGGGGGGCCUGGGCCTGCGGGAGU
317,UGCGCGGCCCTUUAGGGUGCGCCCAUTGCUGUACGCGGCGCCAUGGGGGCGGCCCGGTGGGGGAUCUGCGUGCGCGGCTUGGGUGGUGAGCUGCGGTCCT
318,CUGGTCGGCGGUGGAGUGGUGGAUUTGCGGCCAGGGGTAGGCCCGCGUGCUUGGCGAUGUGGGUCCGGGUCUCGGCCTGGTGGCTUGGGCGCGGGUAGGG
319,GCUGGGGCUGGCUACGCACGGCGCACCUCGGTCGGGGTCUGTAACCGCCCCCGTGGGGGGCGGCCCATUUTCGGCAGGCCCUGCAGUTGGCGCGCGACUC
320,GGGUGCACCCGUCGGGGGCGGGUGCCGCGAGCACGGGGGGUCUUCUGCGUAGGGCCGGGGUCCGGGGGGGGGGUCCGGGGGGCCUTGUGUCUCCAUGGGG
321,CUUUGGAUCGCCUCGCGGCGAGGGGACCGUCGGAGCGGTGCGGGGCATCAGGGUGCGCGGUGUGCTCCGTGUGGGGCGAGCCGCGGCGAUCTCGGCCCGA
322,GGGCCCGCGGUGCGCCCCGGGGTCUGGAUGCGUGGGTGGGGGGCGGTGCCCGUGCGUUCGGGTGCGGTGCGCCGGUGGUCTTAUGGGUUUCUCGUGGGGG
323,GUCGGGUGCATGGGUGGCUGGCGGGGCACCGUUUAUGGGAGGCGUCCGTTGGGCTTUGCGGGGCUCGGCUGTCCGTGCGGCCGCGGCCGCUGCGCGGUGG
324,TGACTGGGGUCTGGTCUGUGGGGUGGAGTGCGGCGGCCCGCAUGAGGGCCGGGGGCGUGGTUGAGGGCGCTGUGTCGGGUGUTCGCUGGCGCGACCGGCG
325,CGGTUUCGGTCUGGGGGUGCGGCCUGCGCGGCUGGCGAUGGGGCUGATGUCCCGUCGUTCGCUCGTGGGGUGGTGGATGCCAGCCGCGGCCGGGGGGGGG
326,GGCCGCCCGGCTGGGUGACGCGCGUGCCACCTGUGGGGCGGGGAGGTGGGGGUGGCCGGUCUCGAGGCGGGCGGCCGGGCGCCUCGTGCUUGGGGCGGCG
327,GCUUCGUUGGGGGATGGTCAGGGCAGGGGUTCCGGUGCGGUTUTCUGUGCGUCGGGGGUUGCCAGGGGGGGCUCCGACGUGGGGUGGAGGGCGCGTCGGG
328,ACCUCGGCGGUGGGGUACUGGUCGGUGGAUGGACGCGCUCTUUCGGGGUGCCAGGGTGGGTGCTCUUCGUGCGUGGUTCGCCUGCGGGGCGGUGGGGGGG
329,GGUUGGCTAUCGGGGGCGGAGCUUTACGUGGGCTGGGGUUTCAGCGTGGCGGCGGCGGGCCGUGGGGTTCTCACGAGAGGUCGGGGGGACGCGTACGCGG
330,GGGGGUTTCCGCCGCGUTCAUUGCGGTUGGCACGGGGUCGGGGUUACGGUGUTTAGGCTGGUGUACGGGCAGCAUGCGUTGCCGCAGTGUGGAATGAGGG
331,CUGGUGGGGCAGGGUUGCGGGCCGUGGCUGCGGCCGCGCCGGUGCUGGGGGAGGGGCGGUGCCCTGUCGGGAGUCGGGAGTGCUUAUUGGGGGGAGTUGC
332,GGATGCUGTGGGGUATGCCUGGCCGGCGGAUGCGGCCGCUAGUCUTGGTGGCUGGGCGGCGTUGTGUACGUCUUCUTUGCTGTGGUUGCCGGGGCCTGGG
333,GUCTUGGGGGCTGGCGCGCCUUUAGUGCGAGTACCCGGACCTAGCTUGCGCGGCGGGUUUCGCAGGGACGCCGCGUGCCGGGCGAGUUGGUGAGGGGCCG
334,GGUCTGCTGGGCGACUGGCUCCUGGUCGCGAGCGGGCCCGAGGUTACGUGCGUGTAAAGGGTGGGGTCCACGCCACUTGGGGCCUGGGCUCUCGCGTGGG
335,GTGGGGCGGCGGUTGCCCTCCCCACTAGGGCGUCGTUGGTAGCCGUGCGGGGGCGGCCGGGAUGTGUGGTGACGGGCCGCGGGCGUGUUGGGTCGUGCUG
336,CGGUCGGUTGCTGACCGUGAGUUUTACGGUGGCAGCGGATCGAGGGCGGCGCCGGAGAGTGCGUGAAAGGTCTUCCCAGCGGGGGGCGCGCCCCGGGUGC
337,GCGGGGGGGCGCCUCCUGGACCGTUGGUCTGCGACGGGUCCGGCUGTUGUUACCCCTGAGCACGGCCUCGUGGGTCGGGGCAGTGTGCGGGGGCGGGCTC
338,UUGGUUUCUGGGGGAGGCTTUGUUGGCCUGCGACGGUGTACGGCCAGCGGGCGUGGGGCGGAAGCGGUCCAUCGGGGUUGACUGCAGGGCGGUGCGGCCG
339,GTCCGGUCTCGGGGUCGTGCGGGAUGTGGUGGGCGUGGCGUTUGCGCUGCCGUGUTGCGCGGGGTGGUCAUTTTCUCGGCGGGGCAGUGCTCCGGGTTGG
340,CGAGUGTGUTCTGGCCCUGCCGGACUGCGGGGGGCGCGGGGCCGGUGUCTGUGGGTCGTUGCGCCGAGGTGGGGGCCGGCUAGGGGCUGGGCUGGTGGGG
341,GGUUGUGUGUGTGGGGCGCGTGGGCGTGCUCGUCTGGGTGCGGGGGGGCCUCTCGCGCCCTCGGTAGTCCCCCUGGGCGGCGGGGCUCGGGCAGGGAGGT
342,CGCUAGAGUGGGGTCGGACGGACAUCTCCCGGGTGGGGGGCGUUUGGGCGGGCGGCCUTCGGGGGCCGGUCAGCUGGUGGCUGGGGUTCGGGGAGGGCCC
343,GCCTGTGGCACGCGGGCGGUGGGTGCUGTTGCUGUGCUGGGGCCGGCCAGCGGCCGCCGAGGUGGCCCTUCUGTUTGUCCGGAGGGAGGAGTGGGUGGCT
344,AGGGCCCUCUGGGCGCGGAGGATCTCGAGCGGGTGUGGCTUGGGCAGAGCGGGGCUCCGGTGGGCGGCUGCGCGGGUCGGGTGCTCCGGGCCGACGTGGC
345,GUAGCCUGGGGGGCGAUCGGGGGCGGGAGGCCGTGCGGCGGGTUCTUGTTCUTGCCCTCGGCTGTGUACUCAGUGGGUGUGCCCGGTGCCCGCGGGGUGC
346,GUGGCCCGGGCGAGCGGGCGGGGGUCTGGGCGGAGGAGACGCGAGCGUTGGGGUGCUTAGTGGCCCCGGGCGGUGGCGCGCCGCGGACAGGGCGAGGGGU
347,GGUCUCGGGGUTCGCATGCACGGUUGGUGGGGTCAGUCUCTUUGGUGGGGGCTGCGGGCGGGCCGCGGTGGUGUGUCTGUATCCUGCTGGCGAGGGGGGG
348,CGCGCCUUCUGACGCGUCGAGTGUCCGUCAGUAGGUCCGTUCCGGGGCTGGGAGGUTGGGGUCUCAGCGUUCGGUGCUGGTGTCUGUTGGUGUTGCGGTU
349,CGTCGUAGGCGCUGCGCCTGUUGUUGCGGCAGCUGGUGCGUGGGGTGGGGGGGGCCGGGGGGACGGGTGGGGGGACCGTCTCTGGCGGCCCGCGCGGCGU
350,TTTCUGUCTTUGCGUUCCGGGGGCGGCUCUAGGUGGUGGCUCUAATGGUGTGCGGTCUGTGGGTCGUACUCGGGCGGGGCGGGUGGAGGGGCUGAGUGGG
351,GGACGUGCGUCGCGGGCGUGGATGCTGGGGUGUAUGGGGTCGGGGGAGGTGCGGCGCGGCGGCGGGGGGGCGTGUGTCGUCCAGTGTATGGGGCGGGGTC
352,GGGGGCUUGGAGGGCGCGGUCCCGGACGACGUGGGGGGGGGUCAAGCGGCAUGGGUGCGGCGGGGGUGGGCCCGAUGCUCUUUGCGCGTGGGCTGGGGUT
353,CCUGGGGUTUCGCGCUGCGCGCCGGCGUAGGUUGGCAGGUUCGUGGCGGCGCCTGGAACGGCCUCGGGCGUGCGGUGGGGGUGGGGGAGUGUTCCCTGCG
354,TCGCCCGGGCAGCGGUGTCCGGUGCGGGGGGGCGGCGUACCUGTGCGTGUCGGGTAGCCCGCUCGCCUACGGCCUUGCUGGGUGGAGTGCGTATGGGGGG
355,GAUGGGAGGCCCCUCGTACCGGUUCUTGCCTTCCGCGCCACCGAGUGCCCGGUAGGUGCGUGCGGUCUCGGCUGCCCGGGGACGGGGGTUTUGUGCGCUG
356,AGCGCCGCGGGGCCGGGGCCGCGUGGUGGGGUGGUGATTAGGGTGUUUTGTGCTGCAGGGGGGTTCGGGGUUGGCGGCGGCGCGGGCGGGGCCUGCCCGG
357,CGUCUUGCGGTGCGGCGUGCCCAGGGGCGGUGCGGGGTGAGCTAGGUGGGCGGGCCGGCTGAUUGUCGGAGGUUGACGTGGUTGGGCGCCCGCGGGGCGG
358,GTGUCGCGCAGUGGGCCGGGCCGGAGUGGUGCTGCCAGGGGGCUCGCGGGCGUCGTCGUGCGUGGUACGGCCGGCCGTGATGGGGGUGGUGGUUGCCCGG
359,CCUCGCCTGGGGGCGGGGCUCTUCUGUAGUCGUGCGCGGUUCUGGGGCGCGGGCGGUGGGCCUGGGGGGCCGGGUAGGCGAGGGGCCGGGGGCGGTGGUG
360,UGCTACUGCUGGGGGGCTCGUCCCGGGGGGAGCUCCGGAGGGGGCGGGGTCCGGUAUGGGCGUUUCGCCCCUGGUGTGAGCGAGAGCGCTGGCTAAUGGG
361,GGGGGAGUUUGGCCGCGCCGGCACGCGCGGCGTGGCGCGGUGUGUGGUCAGGAGGCGGGGGGGAGGGGCCCCGGGCCGCGGGCGGUGGCAAGACGCCGUG
362,UGCUGUCUGGGGCCGGCGTGCGGUTGCUCGGGUTCGGGCGGGGGGCGGGGCGCUGGGCGCTGGGCGUCTGUUCGGGCUCGUAGACCAGAGGGCGGGCGCT
363,GCCACUGGUAGGGGAUGGGCGGGCCGUGUCCGAUGAACGCCGUGUGCCGGCGCGCGTCGCGGCCGGGGGGGCGGGGCGTGTGGGGGGGUGUGTCCUGCCG
364,TGGGGGGUGUGGTGTGGGTCGCGGGGCCCGCGCGCGCGTGAGUGGGUGTCTUUGGGGCGGGGTCGAGCGGCCGGGCGCUUCGCCCGCUGAUGGAGGATGC
365,GGGCGCCGACUGACCGGGUGUAUGCCGCGGTGGGGGCGCGGCCGUAGGGGGGCGUCGGGCGGUGCCCGGGGGGGTGGTTCUCGGUCAACCGGCGGCACGC
366,GGTGGUUGGGGUCGGATGTGTGGCGCCGUGTUUGGGGGCGUGGGGGCCGCCGUAAGCUGUGCTGGGCUUCCCGGCCUGCGGCGGCGGTGAAGGGCGCAUC
367,CGGGCGCGGCGCACAAAGGAUGGTGGGAUGTATCCAGACUAGAGGCCUGGGUUGUGGGGGCGAGUGCUUGGTUCGCUTGGGGCCCGGGGCCGGCGGACGT
368,GCGGGAUTGUGGCUCGGTGCCGGGGCGCUGGGGGAGGCTCACCCGGGGCGGUGUAGCGUCGUCGAGGGGGGUCCCGGGCGUGGTGCCCGGGUGCUCTGGC
369,UUGGCCCUGTUCGGUUCGGCACUGGGGCGCCGGCGCGUUGTGGGCTGGGUGGTGTCGGAGUGGGAUGUUGCGUGGUUGCUGUGCUTGGGGGCUTAGGUGT
370,GUCACUGGCGGGCUCGGGTTGUGGCCGUGGGCGGCGGGGGGTUCGGCCACGCCGATGUGGGUAGCCGUUCGGGUCUTUCGUGCCGCUGCCTGCGCGGCUC
371,GGCGCGGCGCCGCGGGCCGGCGCCCGGUCUUGCUCGUGUGGCGGCAGUGCGGGGGGCCGGAUTGGCCGGGAGGGCTGGGTCCCGGGTCGTGAGUGGAGCG
372,GGCGCGCGGGGGGGGAGACGUCGAGGATGGCGAGCCUACGCGAUGAGTGTGGGCCGGGCAAUGTCCAGGGCCUGGCCUUCACCUGCGCGGGGUUGGGGAG
373,CGGCTUCTCGGAGGUUGCGGCGGUGACUGGGGUAGUGAGGUUGGCCGGGCGGCGCTGAGUGGGCGAUGGCGGCUGUGGTGGCGUCGAGGGGTGGTCGCAT
374,GGGUCUACGCAGCAGCCGCGCUGGCUUGCGGUGCGUGUCGGGGCGGGGGTGCGCCUCGUGGCAGTACGCGCCCTUGCCCAAGUGGUCCGTGGGUGCGGGC
375,GGCUTCUCGAGGGCGAGGGUTGGGGCGGCGGGGGGGGUGGGCGGCCGGGACCGTGUGUTAGGGCGGUGCTGUGACGGGGGTGGGGGUCCGACAGGCCACG
376,CGCAGCGTGUTGGCTCGCGUGCCGUUCGGGGGCATGUGGGTGCGCCGGCGGUGGGCCUGCCGCCCCGTGCCCGUCGUCUGGGUUGTAGCCGCCACUCUGG
377,GGCGGGGGUGTTGCGGUCCGTUUCAUGTCGCGCGCAAGGGCGGCUUUGUCGCGUCTGCGGCGCCCGGCGUGCUCCGGGGCACGTGUGCTCGCCGUCGGGG
378,GCCUUCCCAGUGGGUUAGGGGGUCGTGCGGAUGCUGCGGGTCTCUGUGGCGGCCUGGCGUGAGATGTGCGCUCGGGGGCCGGCGAGGGGCCUCGGGTGCA
379,CGGCGGGGGGGUGUGUGUCGGGAUCGUAGGGGGACGCGCCGGCGUGGGGCUGGTAGGGGUGGGGGGGCCGCCCUGGGGGCGGGGGCUGGTGUTACGGUGU
380,TCAGGGCCUCGUCCGGTGGGCGCGTCCGUATTGCCUUGGCCGAUGGGGUCGCGGGTUCGGCGTUGUTGCGUGCGGGCUCCGGGUGGGCGGUUCGCCGCGG
381,UUAGUGUUCAGCAGGGAUCUUACCATATGCGGATGUCUCTUGCCGGCTGCGAGGGUUUGGUGCGGUTUGCUGCGGGUCGGCUCCCGCGGGGGGCGGUCCG
382,GCCCGGGCCAGTCGGTTGGUGGCTGGUGUUGCGCGGGCTATCCCUGCTTCGUCGGGTGCCGGCGUUCTGGAGAUCGGCUCGGUCGGGGGCCCGCCGGCGG
383,GCTGUAGCCCUGGCGCGCTGGGCGGUGUGGGGGGCGCGGGCTCGTUTCGGCGGCCGGUGUGAGGUGUGGTAGCGGUATCCGGTCGGGGGGGGGCGCGUGG
384,GACGCGUGGAAGGGCGTGGCTTGCGAGCUAUCAGCUGGUACGUCGCTGCCCGTGGGGGATUCGGGGUGUGCGGGCUGCGGCGGGGGUGGGGGGGCGGGUG
385,UGGGGCUCUTCTGTUGGAUGGAGGGGCCCGUGGGGCCGCTGCCTAGGGGTGTTCCGGCCCTGUGCGUCGGGGUGGUGGCGGCUUATGGGGGGTGGGGATG
386,AGGCAGGGGGGGGGGUTAGCGCTGUGUCGGGUGCTGGGCGGGGGUATGCGGUGCGCGCGCCGGCGGGUGCGAGCGGAGUGUUGGGCCCGCGUTCGCAGAG
387,GAAGGCGUGGUGGGGGGGGTGGGUGGGGCCCGGCAGGGGUGGCUUGGTGAAUGGGUGGTGUGGGCGTCGGTGGGCGCGACAGUCCCGGGGTCGGCGGAGU
388,AGAGGGGAAGGGCAGCUCGGGGGGTGCUGGGUGGGGCGGUCCCCACGGUGCCTUCCGGUTGGCGTCCCGCCCGGGGCCGTUGCUCTGCCGGCUGCGTGAG
389,GGGUUGCTGCCGGTUCGGUACGGGUUTUCGGTGCGGGGCUCCUGGCGTCGGCCGGCGCGTGGUCGUGGUGGGGGCGGCCGGGTGAUGCGCUGCGCTGCTG
390,GGGCCUTGCGGGGUGGCGGGGCGGGGGCGCGCGGUGGGGGCGCTGGUACGCUGGTCTCUUGCUTCUTUGGGGGUGGGAGUUGGCGGCUGUGGGCTUGGGC
391,GUCGGUUGUACCGCCGGUGGGAGCCGUGAGGGUCTCTTGGGAGGGGGUGAGUGGCGGGGUGAGGGCGGTGGGCCGGGUGCTGGGUGCCACGGGUGGGCCG
392,GGGCUGGUGGTCGUGGCCGAGCCGGUCGATCTGGGACGGGGGGAGACGGGTCAGCGUGGGUGGGGGGTGGUUGCUGGCGGGTGGGGUUGGGCGCCAGUGG
393,GGGAGGCCCAGCGGGTTCGGCGCUTGCCUCTCGCGCTCGGGGGGGCGCCGCGGTTCAGGGCGTGCCUTGGTGGGCCGUGGTGUUUUGGUAGCTGGTGGGT
394,CGCGCTGGGCGGGCCACGGGGGGCCUCGCGCGGUAGGCGUGCTGACGCUGGGGGAUGATGGUGGGGGGUCTGGTGCGUUGGCCCCCGUGAGGGUGGGGCG
395,GGGGGGTCUUGGGCGGGCCAGUGUCUGGGAGGUGGGGCGGGGUCCCGGGTCCGCGCUCGUCGCGCCCCCCCGGGGAGCUGTTGGGCACCCGCGCGTGGUA
396,TAUCGAAUCGAGCUAGGGCCGGTGCGCUGGGUTGCUCGAGGGTGGGGGGUGUGCGAUGGCCAGGGCTCGACCTACGGGCGCGGCCGGCTCCGUGGUGCCG
397,CGGTCUGGUGGGGCUGUCCTGCGCGGGGGCACGGGCGGGUTCCGTTCGAGCGUGCGGGCGTGGGUGGUCUGGAGCGTGTGGAUGGUCCGGAGTCGCGGCU
398,GCGCGCUTTGGGTACGGGGCCGAUGGTGUCGGAGCGUGCUGGGCGGGGGCUGAAGTGGAGGGAGUGGGTGGGGUGGUGACGCACUGCTGCGGGGCGUUAG
399,CGGCAGGGGGCGGUCUGTUCGCGGGACCGCGGGUGTGGTCGUCUGUCGGTGGGCGUUUGGGUGCTGGGCGCGAGGTACUCGGUTUCGCGGTUAGGCGGGU
400,UUGGCGTUCGGCGGGGGGTAGCCUCUUUAGTGCCGGCGGGGGGGGCATGTUCGAGAGUCCAGCGAUGTCGUCGCUGGUCCUGCAUUGTCCUCGGUCGGCG
401,GTCUGGGGGTGUCTGGGCGUCAGCGCGGCGCCCCCCGGTGUGCGCCGGCCAUGGGGATCCGGTGGCGCGCGGGGCGUCGGUGGUGAUCUGCGGGGGGAGG
402,UCCGCAUAGUCGGGTCGGCGAUGCGGGGAGGCUGGTCGGGGGCTCGGGCGCCCUGACCGCCUUGGCTGGCUCGGCGGCCTUGGGGGCGGGGAGGGGGGGG
403,CGCAGUGCUGGCGTCGGUGCGAGGGTGCCUGTGGCUGGGTGCCCCGAGCTCCCACGCTGGGGCGGUGTGGCCTGGUGGTGCGCTGAGGGGGGCGUTGUUC
404,CGGGGCGCTUCCCGGUCTGUCUGGGGGGUAGGGGUGGUCGTGGGGUGCGGGGGCGUCUCGGTGUGGCCCACUTCGGCGTTGUGGUCGGUUCGCUGCGGUC
405,GCUGGTTGGCGGGGGGAGTGGCGCGGGGUGCGGCGCGCACCGUGUGCGGGAGGGGUCGUGUGCGGUCGCAGGUCCGGAGCGAGGUGGUGGCGUCCUACGG
406,TGGGGAGGCGGUGGGUUGGGCUGCGGCCCGTGCGCGCGGCCGUTAGGGGCGAUGUGGGCUGCGGCTCCTCGGGGCCCCUGUGCTGCGGGGGUGCGGGUCG
407,CCGGGGCCGGGGTGCCCGUCCGCGGCCGUUGGGGCCCCGGUGGGGAGCUCGCCUUGUGAGCCGGCUGACCGGGGUGGAGUGUGGTGCGCGGGAGGUCCCG
408,TCTGGGGUGGTGGCGCGCGGGGGUGGUCCGGCUCCGGGGCGGGGGGGGUGGGGAACCGTGUGCGCGTGGGGCCCCGCTGUGGGGGGCCCCGAGGCGGUGC
409,GGGGGCCCUCGGCGGCTUUUGGUGCGUGGCCGAGUGGTCUCCCCCGUCGUCGGCACGUGCTGGUAAUGCGTGGGUGTTGGGGTGGTGGGAUGGGAACUGC
410,GGCGUGGTCCGGGGGCCUGUTCUGCGCCGATCGCGGGTUGCGGCGGTGCTCGGGTGCGGCACUTGCGUCGGGGCGCAGCUCGUUUGGGGACGGUCGUUCG
411,CUGAGCCUTCTGCCGGCCGGGCGGGUTACGCGCGCTCGGGCCGUGAGGGGTGGGUCTGCGCGGGAGGCCGUCGUGGGGAGGGUCCGGGCGGCTGAUTGCG
412,GGUUCGCGGUGUGCGGCGACTCUAGGUAGGGGGGGUGCGATAGCCGCUTGGACUGGGGGGCGGCUGGGTUGUATCGCTCGGGGTTUGGGGCCCCAGGGTG
413,UGGGCGGCUCTGGGACGUTCUGGCGTGCGAGUGAGAGGACGTGCGGUAUGCGGCGGCCGUCGGCGCAUGGTGCGCGUUCGGCGGGGUCGAGGGUGAGGGG
414,GGGGGGCCUCCUGGGGGGCGGCUTGAGGUUGGGTCTCCGGGTAGTCCGGUGUTCGGCCCACCGCTGGGCGGGAAUGUGGGCCGACCUGCGGGCGAGGGUA
415,GGUGAUGGCGCGCGGGGTUGUGGCUUCGGTGCGGUGGGTCGGAGGGGGGGGGGGGGGGGGGUGCGGUCTCATCCACGCGCGGUCUGUCGAGGGUGCGGAU
416,CGGCGCTCCCGGCUAGUCGGGGGGAGCGGGAACGGUGCGCGGGGUCCGGTGCCCGGGGCUGGUUUCACUGUTGTCGGGCACGGGGTGUGUCGCCTAUGGG
417,GUCGGGUUGCGGGCCCUTGACUGGGGCGGGGGGCGCCCTAGGGCUAGCUCUGTCGCUGUGGUUGGGCUGCGGGGCCUUUATUGGAGCGUAUTGUUUUGGG
418,GCGUGGCGGUUGGUCGCGGAGGCGCTUTUUUUGGGGCCUTTCGAGCCGGGGGGUUGGGGGGCUGGGGGTAGGGGCGUGGGGCGAUUCGCGGCAGGTTGUG
419,CGGGUAAGUAGGGCGGCGGCGGUCGGUGGUCGCGUCGGCGGCCGCCCCCGUCCCGAGGGUUUGGUGCCUGGGUAGUCCACGTGGACGGGGGGGGUGGCCG
420,GCAGGCGGGTGGCGATCGGGGCCGTGCCGGGUCCGGCGGGGCGGUTUUUGAUGGUCUGTCGCGUGCGUGGUCGGCAGGUGCCGCTGCUCGGGCGCGCGGA
421,CTGCTGCUCCGACCGGTCCUAUGGGUGCUUGCGUCUAUGCGGGGGUGGGCGACCGGGCGGGUTTATUCGGTUGGUCCGGGGGAUGTGCGGGGGGTGAATC
422,GGCCUGGGCCGCGCGGCGGGGCGUCCCTAGGGGCCATCCCCGGCGCGCGGGGUUGCGGTTGCGCGUCGGGGGGGGGCGCGCGCUGACTUCGCGGACGGGC
423,UGGGCGTACGUGGGGCAUGCUGGGGGAGUGCGCUGUCAGTGUTGGCCCGTGUUTCUCGUCGUUAGCGUGGGCGGGGTGGGGCCCCCGGCCTUGGTGCGTC
424,GTGGGCGUGACGGCGCGGGGGGAGGCGUAGCAGGGCGCGGCGCGCGCGGGGAGGGGGTGGGGTGGGGGGGCGGTGUCUUGGCTGGGCCUGGUUAGCGGTG
425,CTCGGGCUCGCGGGGGGGGCGGGGCCGTAUGGGGAGGGGGGCGGCCCGGCGCGGTUGCTGTGUCCCCAGTCGAGAGGGCGGUCUCGGGCCCAUGCGGGGG
426,CGGUCCGUGGUUGCGCCGUCGGUGGGGGCTCCUCUCGGGGCUUGGGCCGUTGCGGGGACGGTCGGCTGUCUCGGCCGUUTGGGGCGCTGGCATCGCCGUG
427,GGGGGCCGGGAUGUGCGAGGGGGUUGGCGGCGCGGUGCCGCGGCUGATCGGGAUGGCCTGGGGGACTGGCGGCAUCCCCGGAGGAUCCTCCGGTUTGGGU
428,UCACGGUGACCUAGGUCUGGCGUGGTUGATGUTTCAUGGUTCCGGGTGACGGUGGCGGGGACCCCGGUGCGGGCUGGACCTGCCGCGGGGCUCGGGAUCC
429,UGCGGGCCGCGTGAGAGGCUGUGGGCGGTUGUATUGGGGGUGGGTGCGGCGGGGGCGGGGGCGGGCUCGCTGGUTGAGGTGGGGGCGCGGGGGGGGTCGT
430,UCGGCGGAGGGCGGGGCUCGGGUGGGTTTCGCCUCGCAUGCCCUCUGATAGGGGCGCGGGAGGGUUTGGCGCGTTTGCGGCGGGCGUGGGGGCGCGGCGG
431,CGUUUGGGUGCUGAGGGCCGCGCACCGGGUUGGGCGGGUGGGGGGUGCGUGGGAGGCCGGCCTGGUCCGCCCCUUGGGCGCGUGCCUGGUCGGUCUGUGT
432,GGCGGGGGCCCUGGGGCGUGCCUCUGCUCCCCGTGGCCGGCGGUCTTGGGGCGUCAGAGCGGGUTGGGCCGTCGGTGCCGCGUUACGGCTGCGCCUGUGU
433,CGGAGUUGCGGCUGCGCAGGGGCCAGUTUTUAGUUGACUCGGTGUAGCGGUUGGGUGGGCGGCGGGGAGGTGGCCCGTCTTGUACGGCGUCCGGCCGGGG
434,CGACCUGGGGGGAGGCTCGAGGCGGCAGCGGCGUCCAUGCAUGGGCGUUGGGUUGCGGGCGTUGTAGUCGGGCGGGGGGAGGGGGTGCGCCACGGCTCGU
435,CAUCGGGUAGACGTGGGGCGCUUGCGCCCGUGTGGGGGCUUGCCCGGGUCGGCGUGTGGCGGGGGAGUGCAGCCGGGUGCACGCCACGAUGTCCGGGGGU
436,TGGGTGCUUCGUUGGGGGGGGCCUCGGCGUTGGGGAGAAAGCGTGUGAGGGCGUUCGGCGGTAGGAUUCGCAUGTTUGGCCGCGUGCTGGCGGGGUGUGG
437,CUUGUGCGGTGCCGGACAAGUGCAGGCAGGCGGUGGGUGGGGCUCGCUGAGCAGGTGGGGUGGGCCGUGGCGGCGGGGTGGCGCGCGCGGUUTCGCGCGG
438,CCCGGGCGGCCAAAUGUTAACCGGCACUGGCAGGCGTGAUGUUGGCCUGUGUGUGUGCGGCGGCAGGUGCGCUGGTCGCGUAGGGCGUAGCTGGCGUUGG
439,CGGCCGCGCACGGTUGGTTCCCTGCTGGCGGGCGGGCCCGGGGGGCUGGGCATGAATACGAGGGGATGGGGAGTGGGUGGCGCUGTGGCGGGGUCCAAGG
440,ACGGCTGCCTCCAGGGGCGGCUGCGGGCTGCGGGGUGAGCGTGGGGGGGGGGGCGUGGGGUUCGUCCCCCUCTUCUCGUGGGUGCGGGGGGUTUUUCCUG
441,CTGGCGGGGGGGGCGUUGAGGCCCCGGGGGGCCUGGGTGCGGUCUGUGUUGGGCGGGUUCGCTGUGGTTGGACGGCGCGGGGUCGGGGGUTGGTGCGGGT
442,GTUGGCCGCGUTGGUGUCUGCCUCGGCTUGAGGUGGGTGTGGGGGGCAAGGGCUAUGGGGUGUGUCGAGUGGCUGGTUCCGCCGCCCUACGGGUCGGGGG
443,CUCGGGGCUGCCCUGUCGGUGGGGGCCCGGCGCGGCGUCGUAACGGCTGCGUUACGUGGTGUAGGGAGGCGAGGTGGCUGUCTUGGCGGUGGUTGCGGGG
444,GGUUCCGUGGCUTGTGGCGGCGGGGTCGGGUUUAGCGCGAGTGGCCTUAGGGGGGGTAGGCGCUCGCGCCGTGCCAGCCUGTGCGUAGGUCGGGGCGCCT
445,UGGCCGGGCCGCCAGTCCCCCGCGTAGTGCCTGACCUGGGGGGAGGGACCUGGGGCCGUGGUGGGGCGGGUGGAUCGGCCGAGCGGCGCACGACUGUAAG
446,GCCGGUGGGGTGAUGCCCGGTGUTGTGGGGGCAGGUGGUGGCGUGGGGGCGUGUAUGGUGGCAAGGUGGGGGGTUGGGGGGGGCGCCGGUGCUUGGGCCG
447,CAGGGCCUAGGGCAAGGCCCGGCGGGGGCUCCGUGGGUGCGGGCCGCGUGGUGCAGGCGUGUGTUCCGATCGCUUCGGTGGGGGUUAGACCAGCGGGGUU
448,CAGCGGGGGCCCCGCCUCGGCGGGCGGGUCGGGCGTGCCTGUCCGGGGCGUATGCGCGCGUGGGUGUGGGGTUGGACCUCCCUATCGGGGUGGUCCGGGG
449,GUCCAGCGGGCTGCCCGGGGGGGGAUCCGGACGGAGGGUACGTGGGGCCGGGTCGGCUCGGUGUGGUGCGCGCGGCGGUGTTGGCCCGTGGGCGGGGACG
450,CGCCGAGCTGCGUGGGGGTCCCGGGGGGGGGGGGGUGCCACGTUUCGGCUAGUAGGCUGTUGGGGCGCGCCUGCGCGCGGGGUGCCGGGTCGAGGCCUGG
451,CATGGGCGGUGGGGCTGGUUCAGGGGCCCGGGGUGGGTGCGGUGAUGTCUCTCCGCGAGTUATUCCUGTAUUUGCGTGCCAGGUGCGUTUUUGGGCGGCG
452,GCGGUTGGCTGGGGCUCGGCGUGGCGUGGCUCCUGCUCGCCGCUCGAGCGCGUUGTUAGGGTACUGGGGTGGGCGGAGUGGGCGGCGAAGAGGUGGTCCA
453,GGGGCGTGTGGGUGUCUGGGCCGGGTGGCUGTCUCTCUGGCAGGGGGTCGAGGCCGGGAGUGCCGGGCCCCGACCUGCGGCUCTGGGUCGUGCGGCCGCG
454,ATGGCGGCCGCCGTUUGCGCGGCTGGCGGGGGGGCAGGAGCGGTGUCUTGGGGGGCGCCCCGGCGTGCCCCUUCGGGGGCCAGTGCCTCAGGGCCUCTCG
455,GTGGAGCGCCUGACTGGCGGACGCGAAUGGCGUTGCGCGGGAUTGCGACUGCGGCGACCCGCCCUGCUGACGCGGGGUGGGGTGGCUCCGUCCGGUCGCC
456,CAGCTGCGUTGGCACGGGCUGCGUGCTGGGUGUGUGCGGGGGCUCCCGAUCAUUGCGGGGCAGGGTGGGGCGGGCUGCGGCCGGTGGGGGCGGUGAGGGA
457,CGUGGGCGTTGGGATGGGCGCUCGUGCUTGCCTGGGCGGGCGGGGGGGGCTCGCGCCCCGUCGUGCCAGTGCGGGGCGGCGGGTGGUCGGGGUGCGGCUG
458,CGGGCCGCGGGGCGCTCGGGUCTCGGGCUGGCGGGGGGCUAGGCGGCCCGUGCAGGGGGTGGGGGGTGTGGGAGGCGTGGCCCCCCACCGUGUCAGTCGC
459,UCUCGGUGGGGGCGGGCCGCCCGGCGGCCGGGGGUAGCCTCGTGGUGGCUUGCGCGUGTGUGGGCGGGUGGGACGCUUGUGCAAUCCUGGCAUGGTGACG
460,GCGAGGTCCCUGGCCTTGTCGUGACCGGUCAGTGUGGGGGGCGTAGGGGGGCGGUGAGCCGCGCGGCUGGCCCACCGGGGUGUGGCAGGGGGCGAGCGUU
461,UCGGGGGGGGTGGATCGGGCCGGCUGGCGCGTGCUGGTGGUCGCCGGGUGCACCUGGACGCCGGGGGACCGUTGGCGGGGCUCCGGGCGGGGGUUGAGCC
462,GUGGUCUUGCCAGAGCCGTGGGUAGGGAGCCGGCCUCGGGGGUACCGUUGCGGCUCUCCAUGGGGGCCUUTGGUGGCGGCGAGGCGCGGUGGCAGCCTGU
463,AGGCGCGCGCCGGGGCCGGGCGUTGGGUGTCGGCTCTGCUGUAGGGGCCGTUGCGGACCGAUACTGCCTTGGGTCCGTAGGGGGUGGCCCAGGTACCGGC
464,GGGUAGCGCGTUGGTAUGCCCGTCGTCGGGGGGGGGGGCCTGCGGGGUCAGTTCUATGGCCCGCCGGGGGGGGGCCCGGCGGGGCGCGGCGCCGGGATCG
465,GGGAGCGUAGGTGCCGGGCUCTGGUUUCCGGTAAGCCGGGGUGGGCUCCUTGCGCUCCGGGGUGGTGTCCGCAGUUUGGCCCCTGCCGGGTGCGGAGGGG
466,GGGCGGUTAUGGCTGCCGGGCAGGGUGCGGGCGCGACGCUGGCUGTCGUGCGGCGGGGGCGCTCAGTGGCGGGGCGCACUGCCCCUGGUGGUCGTGGAGT
467,CGGGCCGAGGGGCCGGUGAGGUCCGGCGGGGGGTUUCCUCUCCCGGCAGCCGGUGUCCGGUGGGCGGGCGGGGUCGCTCGGCUCCGGCTUGCGUGGTUAC
468,GGGGUGGGGGCTCTCTGUCGGUGGCGTGCCUGGGCUGGGGTGUGGGGCUCCGTGGGGGGGGGGTUGUGAAGGGCGUATTGCGGGCCTCGGGGUGCCACUU
469,UGCGGGGGUCCCGUGGGTCGGCGCCCGGCGUAUGUGGCCGGGTCGGCGGTGGUUGCAUGGCGGGTUGAGGTCCGGGCCGGCUCCGGGGCTCCGCGUGGCG
470,UGUTATGCGGGCGGGCUGUCGGGCGGGCGGUAACTGGAGGCGGATGGTGGUGATTGCGCCGGUUGCGCACGGGUCCCCCTGGGGUGCACGGGUUCGCTUG
471,CCGGCGACGCGTGTGCGACCCGCTGCTGUGUGGCGAAAGGGGGGGCATGGCGCGGUUGCCGGGGGTCGGGGCUAGTGGUAGCGGGCGUACCCCGTCCAGT
472,GGCGGGCAACGCGCGCCGGUUGCACCGGGGGCTUGTGGUCGGUGCGGGGCGGGCUGCGTGGGGGGACGUCCGGGUCUCCGGCGGGGCGGUCTCGGGGCAC
473,GGGGCGTCCGGGTGGGCUUCCTCGACGGATCGTTTUGAGGGCGCCGTCGGCGGGCGCTGGCCGCGGGACGGGGGCGGCCCGGCAUCCUCGCGGGCCACCC
474,CUTGCGAAUCUTGGTGGCAAGGTGUGCCGGACCGGGAGTCTGGAGUGCUCGGGGGCAGCCGGAGGUCCGCUATGGCGCGAUACGGGGTUTGTGGCGUGCG
475,GGCGGGUCGGUGGCUUUCGGGGCGGGUCUGCTGUCGUUGGGGCCGCCCUGCUUCCCGTGGGGGGCGGTUGTUGUCGCUUGCGUGAGGCAUGGUGGGGGGU
476,GCACGGCTGGGGCGAGCCAGAGGGAGCGCUCGGCCGGTGCGUGGUUGGGCUGGGTGCAAGUGUGCCUCGCGAAGAUGCGGGGGCGGTGGGGGGCGGGGGG
477,GGGCGCGGCGGGGGAGUCGGCAGGGTGGCGUCGGCGUGGGUCUAGCGAGGGGACGCGGGGAGGCGUCCUGGGGCTAGCGUCCAUGGGCCAGTCCGGCCGG
478,GCGGGGGGGCCCCGCGGTGGUCCUGGAGCAGGGUCGAUGGGCCGGCUCCGGGCGCCGCCCCCCGGGGGGGGTCCCUGGGGUGCTCCGCUAUAGGGGGGGG
479,GTGCGGGCGGACGGGGGCGGGUTGGUCGGCGGAGUGCTCUGCCCCUCGCGAGCGUCGGCGCGGAGTGCCGUTAGGUGAGGTCUUCGCUGGCUGAUACTGC
480,CACGGUCGCGCCAGUATAGGCGTGCGCTCGAGGCGTCCCCUCGGGGGGCGGACGUGGCAGCGUGCUACGGUGGGGGGUGGUAGGUTGCCGAGUGGGGUGA
481,GCGCUCAUGGACGAGGGGAGCCCGUGAGTGTGGGGTCGGGTTGCGCGCGGCGGCCGGCGCGCCUGACGGGGCGGGUGAUGCUUTGGGCGGTACCGGGCCG
482,CGGCCGGGGCGUGGCGAGUGTGGGAGAGUGUGGGGGGUTGTCGCUGCCGUACCCGGGGGGGCUGCGCGGGGUGCTGUTGUGGUGCGCGGUCUAGGGGUGG
483,GCAGGGGGCGGGTGCCGGUAGCGCUCGCUGGGGGGGCUGGUATUGGGGCGGGUCUATGGCCTTCGUAGUCGCGGCGGGGGCGUGGGUAGUTTCAGUGTGU
484,GUCGUUGGGGGAGAACCCAGGGACACGACGCUGGGUGCTCCCGGUGATCGTUGGCGCGTGCCGCUGUGCGUGTGGCGGGGGCTGGGCGGGGUGGGGGUUG
485,GCGGGGGUGTGGCGAGUUGCUGCGCUUUCCCGGGUGUGUTUGUGGGCGGGUGCCCGGGGTCGCGGUGTGUGGGAUACCGCGGGGGAGGGUGCGTGCGCGG
486,GGCGUGCGGGGTGCGGGGUGGUUGUGAGCCACGCGGGTCTCGTGGUCGGCGGGGGUGCCACGAGGACCCCGGAGGGGGCUAGTGCUCGGGAUGGCCTGGG
487,CCCGACGCCTGGCGTCCGGGUAAGGGCGUGCCGUUTGGCCTUGGGGGCCGGUGGGCTUGUGGCCGCGUGGGGGCUGUACCCGUACGCCGCGGGCGGGGAU
488,GCGGCGGUGCGUGGGUGCGGATGUCGGGAGAGGGGGGGUAGUGGGUCCGCUGGGGGCCGGUTGGGCCUTCGGGTUGACCCGGCGGCUCCGUGGTGGACGG
489,CGACGGCGGGGGGGCCGGTGGGTGGGGUGGGGUGGGCGTGCTGCGTGAGCGAGTTGUGAUCCCAAAGUGCGGUCCGGGGGGGGCGCUGCUUCGGGGUCCC
490,GAAGCGGGCGUGCGUAGGCGCUCGGGGGGCTCGAGGUCGCAGGCGCGACGGGCGGGGGCGGCGCCGCGUCGGTGUUUGUGACGUGGGGAGGCGCGGGCAG
491,CGCCATGCAUCGCUGCCACGAGCCCACCGGGGGTCGGCCCGAUGGCGUCUUGUGUGGTGGGGGCCCAGGAUCGTCGCGGUGGUGGUGGUCCGCTGUGAGG
492,UUCGGGGCGGTGGGAGGUCGGUUGGUGGGUGGCUGGCCUCAGGCCTGGUCUGCGGGAGGACUGGGGGCUGGGGUCGCGTCCCCAGAUGCGCGUGTGAGGG
493,CUCTGGGGGGUCUCGGGGCGGCTGGGCGGUAGGCGGGCCGGGCGGCCGCCCTAGGGCCGGACGUUUGGGCCGGTGTUCGGGCCGTUCGGGGAUGCCCCCG
494,GGCCGUGGCGCGGGGGCAGGCTUUGCCCTGGUGGGGGCGUCGGGCCCCUGCUGGCGACCATGUUGCAGCTGCGGGGCGTUACTGGGCGCCUUGGGGCCTU
495,GGCCGGTCGGGUUGGCCGGGGGUGUTGAUUCAGUTGTGGGGGUTGAGTGACAGCGGGGGGGGTGGUGGGGCGGGGCCGCGGGCCCGCGGCCAGCGGGCTG
496,CGGACCUGCGUCCTCGAGCCCCGCGGGCCGGCUGGUGAGTGGTTCCCGACUGGUGATAGCUGAUGGGUGGGUGTGGAGGGGGUTGTGUCUGGCGCCGGCC
497,CAGCGUGGUGGUGGGGGGGUGTCGGCCCCGGGACUTTGUGCGGGUGTUUGCCGGGGUGCTGGGGGGUGGGCUGAGGCUGGGAGGCCGGCCGGGUCUGCUC
498,GACACTUGGGATCTAGGGUGGGACGGCGGGGGGGGGUCCGCGCCCUTGTUGCGGGGGGGGGGCAUUTGGGAGGCGGUGCTGCACTGGCGTCCCUGGGGCG
499,GUCTCGCAGACCGCGGCUCAGGGCUUUUGTGTGGTCUGCGGUUCCCGCACCGGGCGGCGCUGCUGGUUCGGUUCGGGUUGAGGGGGGACGTGGGGGGACG
500,AUGGGGGCGGTGGCCGGTGGCGGGGGCGGGCCGCAGCGGACCGGCCAAGCGUUCGGCGGCGCAUCCGUGGGAGCAUCGCCGGAGGCCGGCGTAGUGGUGG
501,AAGGUGUGTGUGCGGGUCGCTCGUTCGGGGGCCCGGCCGUCGGGCCCGGGACGCUGCGCGGTGGCGCGGUCUACGTUGAGUGTAGCTGGGCTUUGCTAGU
502,GCCGAUUCATCGUGCGGGGCUGCUUGGCGUUGACGGGGUCUGGTUGGGTACAACTCCACGCCUGUGGCTUTGAGCGGUUGGUGGGGCUGCGGGTGGCUGG
503,GGGCGGUGGAUGGGGCTGGUGAGGGGCGCGGCCGCUGCGGGGGGGTCGGTCGGCGUUCAUGGUGGGUGUGCAGGCGGAGTGGCTGCCTGCTGCCUGGCGG
504,GACGGGUGTTGGGTACUCGGGGGCGUUGCCGACTGUUCCGGCGGGCGCUGCUACGUGCTGCCUGTTCCUGAAAGUCCCGGUGUCGTGGGUCCUUGGAGAC
505,CGGCUCGGGCUUGGGGGGUGCCGGUGGGUGGTUGGCGGGGUGGGGGGCCUGCTATGUCTCUGCCCGCGGCCATGAUUCUCGCGGCGCCUGGCGCGGGUUG
506,GGUCGGTCCUCGGCGGGGCACGGCCTTGCGGGCCGGGCGCCUCGGCGUCGGGACCGCGCCGGGUCCACGTGGUTAGGCCGGGTUGGCGCCGUGCTGGGUC
507,CCGGUCTCGGGGGUCCGCUGCGGUGUGGCCGGGTACGGUCGCCCCCCGGGCCGTCCUCGGUGGGCUCCGCAUUGCGGCUUGGUTGGGTGGTGAGAGGGCG
508,TGTGGGGGGUGGCAGCTGAGGGGCAAUGUCGCGGCAACGGUGAGTCACGCUCGCTUGGUCCGGGUUGCGUCCUGTCGGAGCCGGCGCUGGGGGCGAGGCG
509,GTCGGGCGGGGGGTGUGGAGCCGGTGGCTCGUGTGGGGUGCGGCGCCCCUGGUAGGCGGGGGCGCGCAGCAGCAGGCUUUGACGGGGGAGGGCUGGGUGG
510,GGCUGGGCGGGGGCCCTGGAGTGGGCAGGACGCUGGCGGGTGCGGGGGAGACCCCCGCGGGGCCGGCGGUGCGTAGGGCGGGGGGGCCGGUGGAGGGCCC
511,GUGGCGTUCGGCGGCCTGUUTAGGGUCGGCGTGUGUAACUCUGGGGACCGGGCGGUCGGUUGGGGCUAGGACGUGGGUGUUGGGGUGGGGGUGAGGCGTG
512,GGGCCGCCCTCCGGGCAGCCCCUGTUGCGGTGCUGGGCCGGGGCTGGCGUGGGCUGGGGGGGGUGGGGGUGUCGTGCGGGCGGTUGUGGGCGCCCGTGUG
513,CUGGCGUUUGGCCUGCAUGGUGCGAGGGCTGTUGGGGAACGCCUTCGCAGGGGGGCGAGCTGGCCGCCGUCAUCGGGUTCGGGCGCUCGGGGCCGGGCUG
514,GGGGCGGGCGGUGCGCGCCCUGGAAUCGCGAGAGCCUGUCCGGCGUGGUGGUGGUGGGGGGGGCCGCCGGCGCTGGUGGGGGGCCTGGACGGGTCCGUGG
515,TCGGUUCCCGCTUUGGCGGGAUUCCGCCCCGGUCGAGGAGACAGGGATCUCGUACCGACUGUGGGGGCGGGGGCGGGGGGGCTCCCGCGCCGAGGGAGGG
516,CCGATCGGCCCUGCTUUGACCGGGACCGGCCUCUGGGCCGUGCUGGGUGCGUGGCCUGGCUGUUAGGGAGUGGGGUCCCCUGCUGGTGGCUUGTUUGGCG
517,GGTGCGGGGGGCCTGATGUGCGTGGUGAGCUGTGUGGGGTATGGGGGGGUGCCGUGGCGGGCAGGUCGGGCGGGTGAAGGAGTACGCGUGGTUCCUGGCG
518,CGCCAGTGGTGGAGGCUGGGCCTGGGGUTGCUUCGGGGGGUGUCGCCGGUCCCUGUGUCGGCGCGGUCGTCGUGCGGGGGTACGTCCUCCCCCGCCCCCG
519,CGCGUCCGCGUCGCGCGTUUCGCUGGGACCGGGUCCGGCCGUGGUGCUGUUCCCTUUUGGGAUCGATUCCGGUGGTGGGAGGGGGCGGGGTGTGGUGGUG
520,GCGGGTTCTGCGCGUGGCCUTUCGCCAGCUGUCGUCCUAGUGGCGTGGCUGGACGGGGGGGGGGCUGCUGGGGGGCCTGUGGGATGAGGGGCACCGCGGC
521,GAGCUUGGCCTGGGUGGUUCGAGCGGGTGCGCGGCGUCCCTGTTGTUGGGGCGGGGGGUGCGCGCGGTGGGUGGCGGGCCGCCTCGGCGCGGGGGCCUGG
522,CCUCGGAGCCUGGGCTUCCGGAGCUAGCUCGGAGCCUGCGCACAUCCCGGAGCCGCUGGGUGGUATTACGCUGGGCGUGGGGCGGGGCGGGCGGUGTGGG
523,GGCGUGGCGGCCTUTCTCGGCGTCTGCUGGTGGCCGUUGGGTTGCGGCGAGCCCGGTCUCCGGGCCCUTGGCCGCUGGCGGGUGUTTGCCUUCGCGGCUG
524,CGGGGAGGACGUGUGGGGGCGACTGUGGGGGUGGTAUCUCUCAGGGCGACAGTCCGCGCGGCCCGGGGGGGGGUGGGGCCGGGAGGGUGGGGTCGCTCTG
525,UGUAUCACCCGGGGCUGCCGGGGGGCGGCUTCCGTCGGCGGGTGGGGGAGCCGGGGTCUCAGGGGUCCGUGUGCUCGGGGGCGUGGGUACTGGGAUUACG
526,TGGUUCGUGCCTGGGGGGUCCGAGGGCGGGCTCCGGUGCUGGTCAGGCGCTGCCGCGAGGUCCTUGGGUCUCGGGTGAUAGCAGGGCGGUGUGUGGGTCG
527,CGGGCGGCGTCCGCGCGGGGUCCGTGCGGCGGGGGGAGGUGGGGGCCCTCGAUGGUGGUUGGTUTGGCATGUCTUGGGGCGGACGGTGGCTCCCGTTGGA
528,GGGGGCGGACGUTUCGUCGCGGCGGGGGCGGGGCUGGUGGGTCGGGCUGUUTAUCGCCGGGGCGUUCGUGGCGCAGCGUUGCGACGGGGGUGGGTTGGAG
529,CUGGGGGCGUAUGGCGGUCCGAGUUCGGCUGGTGGUUGGUGCUCGGGGCGGGGTGGGUAGGACUCGGCGCUGUGGGTGGGCCAGCGAAGTGCGGCCUGUC
530,UACUGGGACTAAGGGCUUUGGGTCCTGGGUGGATGCCUGGGGGCUUGGGTCGCAGUCGGGTUGCTGCGGCGUGGAGTCAGCGGTTCGGGAGTTGAGUGGC
531,UTGUCACTCGGAGGGGUUGGGGCGCGCTCGCUGGCGGCGAGGGCCCGGCGGGUGGGTGGGUGGAGGGTCGCCGGGGTGUACGGCGUAGGUTTCGCTGGCG
532,CGGTGUCUCGUCGTTGCCGCGCUUCGUGGGGGGGUGCTCGCGCUCCCGCGCGUCGGGGGCCCGGGATACGGUGUGCAGGCGGTUCTGUGGGAGGAGAGGU
533,TCGACCCCGTGCAGGCGUCCGGGGGCCGCACGCUAGGGGGCCGGTAGTCGUGGCGCGGGGCCCTGGGGGCGGCGCGGTGGGCUCUGAGGCGGCGUGGCGG
534,UUGCCCCGCCGCGCCGCUAGGCCGGCTTGGGGUTGGGTGUTCUGGGGAGGGGGUGCGGGGCGAGGGAUGGUGGGGTGGGUGCGGUGGCGCCCGGGUGCGC
535,CUGCCCGUGCGCGCGGGGCCTGGGCGGGGCGGGUCGCGGGGGTCGGGUGGUCTGGTCUGACGGTGGUUTGGGGGGCCGGGGGGGCTGUCCUGGCGGCAGG
536,GGGCGCCUGCGCUGCGCGGCGCCTGCGGCGGGCUCUGUCGCAGGGCCCGCCAGUGGCGUAGTCGUGATCUCCCGGGGUCAUAGCGCGCGGGGUGTGGGGU
537,CGGGAGGCCTGGUGTGGGTUGGUGGGGGTGUUGCTGCTGAGGGTGCCGUGGGGCUGAGCTUCGCGACGUCUCAGGGUUGACCGGUGCGGGCGCGGTCATT
538,GGGGCGGCGCGGCGGGCGUGCGGGGGGCGUUGGUGCGUGAGGTGGACCUGCGGUTCGGUGGGUAGCGCGCGCGUCCCGGGCGACGGUTAGGCGGCGCCCG
539,CTGGGGCGAGACGGGACGGGUGGTGGUGGGGAGTUAGUUCGCGGTGCGGUCGGGGCUGCCGGGUCGCTCTUTGAGGCGCGUGGCCCGCUGUGCGGTCGGT
540,GCGUGGUGCCGUUGCGCCGCGUGCGCGUACGGGUTGGUGCGGGCGUCTTCTGTCCGGGGGGCGCCUCGGGUGTGGGCGGAGGGGGCCGGGCUAACUGGTU
541,CUACACTCCGGGAUUUGCAGCCGCGCGAGCGCGUGGCCCGGCGAGUCAGGGGGGGGCGCCGACCGGGAUGUGCGGGAGUCCCGGGUUGGGGAAUCCUGCG
542,GGCGCCTCAUGGGGGGUCCCGCUGGAGTCGCCGAGGCUGUGGGGGTGGGGGUCUGAUGCGCGGGAGACCGCGGGGGCGUGAAGGGGAGCGCTGGCTCGGG
543,GGCGGTCGTCCUATGGCCCUGCTCTAGGGTTCGGGGGCGCTCACGGCUUTGGCGTGGUTCUUGUUCUUCGGUGTGTGGGGCCGGGGUGGACUAGGGATTC
544,GGGGCUATGCGCUGGACCUGUUGCUUUTACCGCGTGTGGGTGGCCCGCGUGUGGGGGGGGGUUCCUCCCGUUGGCGGGGGUCCGCUCGGGCGGGGGGCGA
545,GUTGGACGGGCUGCUUAUTGCGGGGCCCCGGTTCGCGUCGGGGAGGCCGGGCGUCTCCACGCUGGGAGGGGGCCGGGGGAUGCCGGAACCCGGGACGGCU
546,CTCCCGUGGGGCGCCGGGGGUGUGCGGGGGGCAGUCGGUUCGGGGGUTGGGCGGGGGCGGUGUAGTUCGGGCGUGUGGCGCGCGGCGGCCUGGGGGTGGG
547,CGUUGTGGCGCAGGGCCCUGCGAGGGAUGGUGUGCGUGACGGGGATAGUCGGCCCCTCUGCGGUGGCCGGCCGGTACGACUGGCUAAGUGGCGGUGGACC
548,CGGGCGCGAGGGUTAGGUGGAUCUCUTAGCCGGGGGACGGGACGGGGUGGCCGGGCAGCCGGGCCUTUGCGTTCUGCUUGCCUGUGGGGCUCTGGUCACG
549,UUGCUUGCGGGCCCGGCGGCGCAAGGUCGAGGGTGGGCGCCGUCGCCCGAUGUCGGGGGUGGCGGCTCACCGUGUGUCGGATUCGUGGACGGGGUCUCGG
550,GGCGGCUUCGGCCUCUGGGGGCTUGGUGGTGAGGGGGTTUCCUUUAGGTGGTTGGGGCCCGGGGGTUGUUGUCGCUGCGCUCCUGCTGACCGGGGGCGGG
551,UGGCGGUCUUCGGGAGGGTCUGGGCGGGTGATGCGUGGGCGAGUGUUGGUGCUGUGGCGCCCGTCGUGTGUCGGAGGGCGUGGGGGCGTGGCCCCGGCCG
552,TCAGAUCGGGTCUGCUCCGACUAUACGGCGGGGCGGGGCGCUUCCGGGGUCGUGCGGGAUCCAGGGTGGAUCCUGGCGGGGGGGGGGCGCGCCCGTGCUC
553,CGGAGCCGCCCTCUUAGCGCGCCAGGTUTGGCGUGGGGAATGTCGGCCTGGTCGGGGGCUCUCCGGGCGGUTGCUCCUCCUGCCCTCGGGGCGTGTAGGC
554,CTCGGCUCGCCCCUCAGGCGGGCGCUGGUGTCCCCCGGTCCGUCCCGGUUCGGUGCUACGGGCGGUGGAGGUGATGGUGGGUCGGCGCCCCCCGGCAGGC
555,TAGGCCCGCGGAGUGTGCCGGGCCTGGGGTGGCUGUGGCGGGGGCGGGUTTGGGCCUGGGGGGGAGTCCGCGUGTAUGAGTGTGAGGGCCUGGCUCCCGC
556,GGGAGCCGGCCGGCCGGCGGCCGGCGCCCGGGGUGCGGGGCGCUGGGCGGCCACUGGGGGCTCCGGCGGUCGGGGCCAGGCGGGCCCAAGCCGCGGCAGA
557,GCUGGTGACCCGACAGCCTGCCGUGGCCGGGTGCGGGUGUCGAGCCGUGGGGGAUCGGAGTAGTGCCUCCCGGGGCGUGGGGGCTGGTCGGTTGGTAUGT
558,UGGGGUUTGTCGGTGGCGCGGGCCGACGGGTUGTGGGUGGTCTCGAAUAGGGGGGCGAGTGGAGCCGCUGUGGCUGAGGUUGGTGCGTCGGGGCCUGGCG
559,UTAUCGCGGGGGGGCGGGGUAUUGUGGGUCTGUGUGGCGGGGCGCGGGGUGCUCGGGCGUGCGGTCGCCGCGUCTGCTGCUUATTTGGCGCUGGGGGGCG
560,ACUAUGGAGGGGGTUUCGGGUUUGCGGCAGTCGGGGGGGGCGUUGCCGTCTCCGGGCCCGAGUCGGAGGGGGGUGGGGGAGTCCCUGCGUGGGCTGGUGC
561,CAGUGCGCGUCGGGCCGCAUCCUCUTGUGGCCTGUCGGCGUCCCGGGGAGTGGGCCUGGCCCCUTUUUGGATGGUUUGCGCGTUUCGGGGGGTGGAUAGC
562,GAGTUGCUGGCTCUGTGCGUGAGCGCCCCUTTGGGCCTAUGUCCGTCCCAAGUGCGUCCGCGGGAAAGAGGCCCGGGGUGUGAGTGGCGAGCCTUGGAGG
563,GGUCGUGCGACGUGGACGCGACGGGGGCGTCGCAGCCTGCCCGTGUUACGGGGTGTCGUCTACGGCGGGGTUGGCGGCGGCCCUGGUGGTGUCGGGCCCU
564,GGGGCGCCGGGGAGTGGCGGGUGCGCGGTGGGGCACCCAUUGGCGGAGGGGCUGGCGGGGUAGGCGCGGCCGGCCGGGCGCGGGGCGTGGGGGCTTCTAG
565,GAUCCTCGGGCGGCGUACGGGCCTGGGGUTUGAUCTUTGGUUGCGGGCCGCTGUGTCTGGUGUUGCGAGGCGUUGGCGGCTGCTAGGGGCGCGCUCGGGC
566,CUGGCGTCCCTCGGGTGGGTGCUAGGGGCUGCGCGTUUUGGAGUCCTAUCUGGCGCCTGUTGTGUGCGGCTUUCAGGGGGGUTGGGGUGGUTGGGGGCUU
567,CCGAUGGCGCCCCGGGGCGCGGGGACGTTUCGGCGCGATCUGGTTUCGUGTGUCCGGGAGTGUCCCTGGGGGCCGGGGGGTCGGCGCCGCGCGGGGGGGG
568,GUTUAUUGGUGGCCCGAGGUCUCAGGCGGGGGTACCGTCGTGCGUUCGGGTCGGUCUCCCGGGCGGGCGGGCGGGAGACAGUGAUTUCCCUCGGGCGTGC
569,GGAGGGTCGCGACUGGGGTGAUUCCGGGGCGGGGUUCCGCTCCGUGUUGTGCCGCCGGCGUUCUCCGGCGGUUCGUTGTTUUTGATGGCCGCCCCCGCGG
570,AGACCAAUUGTCCCTGUGGGCCCGUUGUCGGGCGGCGUCGGUAGCGCGGUGGGGCUCTGGCUCGGGTGGGUGTTCCGGTGGUCCGCCGCGUGCCCCTGGG
571,CTCCGGTGGGGCGUUUGTCUCCGGUGCTGUCGGGGACAGCTGGGCGGGGUCGGGGGTCCCCCUGGCCTGGGAGGUGUUGGGAGUGGGGUCAGCGGUGTAC
572,CCCCCCAGCACGTACUGGUGUUGGGGCGGGGGCGGGGCCGGGTGCGGAUTGCGGCGCGGGCCGGCCAGAGGUGAUCTGCCGGGGTGTUCGGATGAAGGGG
573,AUGCGGGTGGCGGUCCGGUTAGGCGGCUGGGCGUGCGGGGUGGCGGTGGUGGCGGCGGGACCGCTGCCGCGCGGCCGGCGGGTCGCGGCGGGCUCCGGGG
574,GGCUUGCGGCCCGGGGTGUGUGGAGCGGGGCAGTGGUGCTTGGCCGCGGGCCCGGGCCCUUCUGGGGGGCGGGGTUGGCGUAGGGUGUGGCGGTTGCGUT
575,GUCUCCCUGGCGTGTGGAGUCCUGCGGGGGGAGGCGCCGGCGGGUTGGCAACTGCGTGACCCGGGGCUGGGUCUGUGGAACGGGCGCCGAGGGCGGGGGG
576,ATGUUGGACCGGGCUGGGCGUGCCGCGGGUGGCTCGGCACUGUGGGGGGAGGGUTGCGUUUGGGGGGCGGUGGUCGUCCGGGUTGCUTGGTGAGGGCGGG
577,CGGGGGGGCCCTGTGTTGCTTGAUGGCGCUUGCATAGUGGGUGGTGCTGGUCCGUGGUGGCCGGGGTUCCGCUGUGGUGGCGGGGCAGCCGGGGCUGCAU
578,CGGGUCTCUGGAGACGTAGCCGGCCCAGCCGCGTGCCGGTTGCGTGGGCUGGCCCGGGGCGTGCGGGGGTUUGCUAGUGCGGGGGACGUGUGGGCGGCAG
579,GGTCGGCGGCCTCCGAAGGGCCGGGCCTAGGTCCCUCCGGCCCGGGGCUCGGTGUUCGUGACCGGCCTGCGCGGCGCCCAUGGCUGTGCUCUCCGGGGUG
580,TGGGGTGGGCGGCAGUGGCGUCGUGCCGUCAGGGGGCGUACCGGGGCCGGGGCTTCGAGGUUCGTGTGCCGGGCGGGCGGTGUCCGUGGGGGGCGCUGGA
581,TGUAACGTGGGUCGUTAAGTGGAGCTGUGGGCGGTGGAGGCGCCGCCGCGGGCCGGGGTGTTAGGUCGCAGCCGCCGUGTAGAGTGGCACUGGGGGCGCG
582,GUAAGCUGTCUGGGCCGCGGCCGGGGGGGGGGUGGGGCCGGGCCGCGGGCCCCGGUCGCGCGUGCCGGGUTUUGGCCACGCGCGUGGGGCGGGGGGGCGG
583,UCGUCUUGCUCCCAGGGGGGGCACUUGGCGTCUGGGTGGGUGTGUUGGTGACGGGCGTUAGCUGGUCTGTGCGGGCGGGCGUGGCGUGGCCGGUGCGCCC
584,CGGCGGACGAUCGCCGGTGGGCACCGGGGGGCGGGGGGCGGGGGAGGTGGCGGAGTGGGUGGCGGGCGGUCGUTGUGCGGCGTGUGGUGGGUGGGGGGCC
585,GCCCGGGGGGUUGGUUGAGGGCGGCAGCGCGCGCUGUGAGGAGGGTUAGCCGGGGAUCGCGGGGTTCCGCTGGGGCGGGTGGUGCUGAGGGCGUGCGGCG
586,UGCTCCTGGGGCGCTCTCGTACTCACUCTGCGGGCGCGTGCGGGGCUGGGACAGGGUCUGCTCUGGGGCCGGGGGTCGAGUGGUUGGGGUUGGGCGTGGU
587,GGGGGGUGCGGUCUGUCGGGGAGCCGGGGGCCGAAUCGGGTGGCAUGGCGGATGCGCGCUCGUGGGGUGGACTCCGGTACCTGCGGTGGACGGUGUTGGG
588,UGGCGUGGGGGUGCGCGGGCUAGAGUGGUGGCGGGCCGGGACCCGGUUGCGGTGCGCGGGGGCGGGCGGCCGCUUGGGATACCGGCCGGGGGGGUCTCUA
589,GCUCCGTGGGTGCGUGGCGGCAGGCGUGGTGGCACGGCCGCGCGCCCCGGCACUGCUCGGGGUAGGAUAGUGGUTUCGUTCCGTGGACCGACCGGCAGCG
590,GUCUCGUUCAGAUTUGGCUCGGCCGCCGUUGGGCUGGGUACCCGGGGUGGAGGCCCTGGCGGGAGGACAGGGTCUGUGTUCGGCGGCGGAGUGGCCGCCG
591,AUGGUCCGUGGGGGCGTUGGGCTGGCCUGUGGGGATTCACACUGGGCGUGGGCUGGGGGGTUTCGGGGGGGAGUGGGUUACGTCTCGGTUCGUGGTGUCC
592,GGCGACTCCCTGGGGGGGCCCUTAGTCCUGCCCCGUGUCCCGGGGGGGGGGGTAGGUGGGGUGCGCGCGAGCACUCUGGCUUGTGGGGGGCGUUCUUTGC
593,CUUGAGACAGUCGGCGCGGGGCGCCCGTGACGGGCGCGUUCGCUCGGGACTUGGGGCGGCCGGGCCTGGUGGACGUUGUUGUGGGGGAGGUUGGGCCGGG
594,UCCGGCGGAGCUGGCGGACCGCGGUGGGUUAGGGGGGCGGGCCGTCGCUGCCCAGCGGGGGCGGGGUCTGGTGCTGGTGGGCAGCGGGGGGUCGGUGGGC
595,CGGUGTTGGCCGGAGUGGGGGGCCAGTCCCGGGGUCCGGGTUAUACCCGGGGUTUCGGGGGGCGGGTGAGAGCTGGGGCGGGCUCCGCUUCCCUUGCGCG
596,GCGGCAAUUUGTGGCGGCUAGUGGCGAACGGGCCGGGCAGCGCUCGUACCGCGGGCGCGGGGUGGGGUGGCGGCUGGGUGAGGCGGAGCGUCCGUTAAGU
597,AUGGCUGGUGTUGGGGCUGCUCACCGUGCCCGGTCGAGGGCGACGCUACAUCGGTGUGCGGGTGGCCACGTUGGGUTGGTUCGTCACGAGGCCGGGGGGC
598,GGGGUGGCTCAGCUGCGGAGCGGCGAGGCUCCCCUCGGGCGGGGGUATGGGGGUGCCTGGCGGCGGGGGGACGGGUGGCGGAGGGTCCGTCAGGAGCUCG
599,GCGCGCCGGUGUCGGCCGGCGGCGTUGGGGGGCUAGGGGUGGGGGUCGCGGGGCGGGGCCCGGGGGTUTTTGUGUCGGCCAGUGCAGGCGCGCCAAGCGG
600,TGGUUGGGGCGGGGGUGTCGCCGGCCCCCTAGTGGUGGGGGGACTUGGUUTCGATCCGGCGGTGUCGCGCGGGGAGCCGGUGGCGCGCGCUGCTGCGUGG
601,TACACCCGGCGCAGGGCGCCGUCCCTGGGGGCCGACAGUCCCTTUGGUCCGCUGGUGGGUGCUTCGCCUGCCGGGCGGGAGACCGTGCACGACGCUGCUG
602,GGGTCCGGGCGGGGGTCGCCCCGGCCAGGGUGGAGCTCUGGGCCCCGTGCGCGUGGUGGCCGGGGCCCGCGGCGGTGGGGGCCGAGUUUTUGGUCGGUCC
603,CGGGGAUUGGUCCGTCTGGGAGGGGGGGUUCGGGGTUGUGCAGGAAGAGGCCGGACCUCUTGCUGGGCGUGGGCCGGTCGCGUCCAGUGUGGUGGGGGGG
604,GGUCGGGCGGTTCTTGGTGGCCTCGGGUGGCUGTGGGGGGAGCGCACCUTGGGGCGUTCGCGCCGCGGGGTGGGTGGGGGGGGCGTUGCGTTGGGTGGUG
605,GGGAGCGCCGCGACGCCUGGGCCTGGCGGGGCGCGUGAUAAGGCGGCTUUGGCCGAGGGCCGGUGGCGCGUAAGGTGTGGGGGGAGGGGAGCGAACGGCG
606,GUGGGGGGCCUUGCGTGCGCGGCCUCAGGGGGGTGGGTCGUGGTGUTCGGACCUAGCGCGTGGGCCGGUCUGGGTGGGGTGCUCCGGGATCCAGGTGGCT
607,AUGTGCGGGCGGGCGGAGGGGGAGTCGCCGCCGGGUGGCGCUGTCGCCGGGGCCGGGGGCCGCCCUGUCGTGCGTGTTGGGGTGCCGUTGGCGCGCCCCG
608,CGGUTGCGGCCCACCGUGGGUUGGUGGCCGACTCGTCCGGCCCGTTGGUAUCGUGGGGCGGGCGCUGGCGGUGCCGCGTCGGUGCCCUGCGGCGGCGTGG
609,CGGGUGGCCCGAGGUGCGGGCAGGGGCGCGGGGGCGCCCGGGGGGGGTGGGCGUGCGGCCGGGCGGACGGGGCCGAGCGCCTCGUCGUGTGCCGCTGCCG
610,TGGACUGCGUCGGGGAAAGGCUGAUUGGGGGGGGCCCCCCGCUUGGCGGATAGGGAGGGGGCGUUGGCAGTUGGGCCGCCGGCUCGGCGGCGGGGUGCUU
611,AGGGCGGCAGAGGCGGUTCCUGCCUGCTGUCGAUGUCCGGGGGUUTGGUUGGAGGCCTAAGUGCGCCGGGUCGTUGGUGUGACGGGCCGGCGGGCUGUGC
612,CCAGTTGGGUAUUCGGUGAGCGAUGGGGGATCGUATUUCGGAGGGCTGAGCUGCGGGACUGCGCCCUUUCCGCAGGGUGGGGTCGGGTGCGUCGGGACCC
613,GCCGGGTGGCGAGCGGGGCTCGGGGCGGCUGGAUTCCUGUGGCCUCGGGGCGGAAAUCCUTUCUGGGCTGUCGCCGGUGCAGGAGGGUCGGGAGGCCGGG
614,GCGGAUGGGCGCGCUCAGGGCUGGGGCGGGCACGTGUTGCGGGCUUUGUGCUTUUTTGUCGUGCGGUCCGGAUUCCGGGGUGUGCTUGTGGGGGGTGAGG
615,GGGGCGGCGGGGGGGGTUGGUCUGGCGGGAGTGGGGGGCGGGGGGUCGGGGGUUCCCGUAGGGTCGGGUCGCTGCUTGGGCGCCACGCGGCGCTUCGGGG
616,UGGCGGCCTUGGGUTGGTGGGGCGCCGGUCUGACAUTGAUGGCCCGTCCGCUCCGGGCGCTCUGGGUGCCGAGGCGCUGCCGGGCGGCUCCUGCGGUGGC
617,ACCGUGTGGUCUGGACGUCAGGTGCUUGGCGCGGUCTAGGGGGGUGGGUUCGGGTUGGGTUTGGCUCGGGTGGGGGGGGCCGCAAGCCGGCGGCGGCGCC
618,GCGCCTUGGCGGGUTCCGGAGCGGGGGCGCUGGGCGGGTGCGGGACAGGUGGAGUGTTGUGGCCGGGCCCGUTGCCCUCCGACGCCTGCCGCGGGCGGGC
619,TCUAGGCUGCGAGCCGGCTGCGTGGCGCGGCUGCCGUGCGGGGGGTTUCGGCGUUGTGCGGGGCCUAGCCGACGGGCCCCGACGCGGGGAGGCGGCGGUG
620,GTGCTCTGCAGCGGUCCGGCCTTUGGGGGGGAGCTGGGGAGGCTUUGAGGCCUGGGGGGUGGTTUACCGCGCGGGGUUCGGUGAGTGCTUGGGGUGUGGG
621,GGGGUGGUGCGGUUTGGGGCCUGCACGUUGGCGUGCGGACAGGUCGCUGCGCUGGGCUTTGCGUGUCGGCAATGCTTCCGTGGGCGCCGUAUGUUTAGCG
622,GGCGUGGUTGGGUGCCGGAUTATGCUCGCAAGGCGCGGGUCGGUGGCGAUCTGGGUGCUTGGGTGGAAAGGUTCGGAGUGGCTCGGCCUGUGUUGAGGAA
623,CCCGUUCGGGCGGGCGUGUCCCGGCGGUGCCCGGCCTUGCGGGCCGUGCTGGCAAGCCGCGGGCCGCUGAGGGCUGCGUGGGCCATGGGCGUGTCGAGGT
624,UCCAGGUGGGAGCCGGUGGUAGGGGCGUGTGGGUAGGUGCGGGGGCGGAACTCGUGGCCGCGGGCGCUGCAAGGUGCCGGGGUGCACGCCGGGGGGGUCC
625,GGCGAGTCGGGGTCCCCGGCGCGCGGCGCCGTGCTCCGGGGGCTGGUCCGGGGTGUCGGGGCGCGUGCGCUGGUCGGGCCTCGGGGAGTAGGGTUGCAGC
626,CGGCAUCCGGCGGGGGAGGUCUGGGUGGCCGCGGCCCCAUGCCGGCUUGGGUGCGCGAGGUGTGCGUGUCAGGGGGUGUGATUUCGGGAGCAUGGGUGCG
627,GGGGTCGCGCGUGTGGGGGUCAGGGUUCGGCCGCCGCGGGCGGGGGACTCCGUGGGUGGGCGGUGCGCUGGTUGCGCCGTCGCGGCACCGCGAATUGGTG
628,GAACCGCTGGUCAUACGUGGCGACGCACGUGGGCUGUGUTCAGUGCGGGUTGGGCUGCGGGGCCGGGGCGUGGGTGGCTGGACGUUGGCCTGCCCCCGCC
629,GUCGUGGUCUGGGGACUGGGUGGGGCUGCUGACCGGGTCCUUUCGGUGGGTGGCGGGCGCGCGCGUCCACCGCUUCUAGTGCTCUCGCTGGGGGGGTGGC
630,UCCUGCGGGTCCCUGCGGCUGGGGCGGGUCCCCCGGAGCGGUGGGGGTGGCCCUGTGCACGGUGGCCAUGGCGUAGGTGTCGCGGCACAGTUGGCCGGGG
631,GGAGGCUUGAGCGUUCCATCTGCAGGGGGGGCGGGGGGGCGUUGUGTGCGGGCCGGGCCCUGCUGCCAUAGGGCGGGGGCGCGGGGAGGGCGCGGGCGUT
632,GCTGUUUGCGAGGUGGCCGCUUGGCGGUGGGGCGGGGGGGAGCGCGUGCGGTGAGGAAGUGATGUGGTCACGGGCGGCGTUGCGGCGGGGTGGGCGCGCG
633,TCCTGACGUAUGGGTATUUGCGGGGGCGGGGGGCGGGGGGTUGAUUCCGGCGGGGGCTGGGGCCCCUCTGUGGCCGUAGUCGGTTCCUGGGACGGGUUCC
634,GCCCCCGCCGGUGUGCGGGGGGGCGCTGGGAGGGGGGGGTCGGCGGUGGGUGGCGGUGCGGGTGGGCGUTUUGGGGGTTGGGCTUGCUGGGGGCCGAGGG
635,CCGCCGCCGGCGTUTCTCUUGAUGGCGGGCUUGUGGTCGGUCGGCGGGUGUGGCCGGUGCAGGGAGATGUUGTCGGUGGCACGATUGGGAGGAGUGGGAU
636,CGGTUGGGTGAGCCGCGGUTGCAGGGTAGCGGGGACGGAGATCGGGUCGGCTUCGGGGCCCCGGGUGUTUCGTAGUCGUGGCGCCGGAGGGGCCGUGTCC
637,GGAGCUCTGCTGUGGGGUGGGCCGGGGAGTCCGUGGUUGCAGCAGCGGGGCCAGGCGCGCCGGTGGGGCGGGGGGGCCCGGGUCGGGTGGUCCCCCUGGU
