1,'UUGGAGGGAACCGGGACGUGAGGCGTGGUCGTTCGCGGACCGUGTUGGGGGCGTGGUCGUCTGGGCGGGGCGGCGCCGGCGGTGUCCGGGCGCCUGGGUG',12/21/2017
2,'GGGGATCGGCCCGGGCUGGUCCGGUUTGUCGGGGCCUGUGGUCGCTGGGGCCUUGGCCCCGGGGCUGGUGGGGGGUACUGGGAGGUTGTGACGGCGCGAG',8/18/2017
3,'UCUGACTCUCGGCGUGTGTGGGGGGAGGGTTGCTAUCGTGGUUUCCCUGCGCGGUUCGAGCGUGGAGCCGGCGCGAAGAGGGGCGGGTCGCUGGGGGAAG',12/18/2017
4,'GUGGGTCGGUGUUGGGGGGGCCAUGGAUCGCGTCCCGGGGGGTGGGGCGAGCGGCCUGGGCCGUGGGGCGGCCGGTCUGUGGCGCGCGCGGAGGGAGTCG',01/04/2018
5,'GGGCGGTAGGGGGGTUGGTUUGTUCGCUGCUCCGUGGCCGCCGGUCGGCGUGGGGAUUUTGCCGGGGCUCGTCAGGGCGGGGGGCGUUGGGCCGGUGGGU',2/24/2017
6,'CGCAGTCGCGGGGGCGCCGCUTAGGCUGGCGGAGGGGCGGUGGGGAUCGGGTAGGGCGGGGTCGCCCUGUGGGGCGCCGGGUCAUUGTGGGGGGCGAGCU',11/20/2017
7,'GCUCUGGGGGCCUCAGGUUTGGCCGUGUCGGCGCTGCGAGATGAGCGCGGGCGGGCGGTGCGAGGGCGCCCCGCTCGGGGGCAGGCGGCCUGTUTGGCCG',11/27/2017
8,'GGCGUGCGGUACAGCCGTGGGCCCUGGGACGGGUGCGTGGGGGAUGCTAGGGGGGGCGCGAGGACTUCGGCGGGGGGCGCCCTGGCUGCCGCGUTGGGGG',09/08/2017
9,'GGGGUTGGGGTAGGUGGGGCGUGGGUGGGGGCCCTCUGGGCGGAGGGGAGGGGGCGCGGCCGCGCACAGGUCCGTCGGGGTGCGGCGAUGGAGGGCGGAU',07/03/2017
10,'CGGGUCTGCCCCGGGTGGUCGGCUUGGGCUGTGGCCGGCUGGGGGTGGCCGGGCGUGGAGCGUGCGCTGACCGGCGUTGCGGCGGCUAGAGACGGCCGCC',8/26/2017
11,'AAUCGCCGGGGUUUGGGAUTUUTCGGGUCTGCCUGUUUTCCGGGUGGGGCGCGCGGGCCCGGGCGGCGCCGGGCACUGGGGUGGCCGCGTAGGAGGUGGG',11/10/2017
12,'GUGGAGGACTGCCUCCCGCTGGGCCGGGGGUGUUCGGGCGCGUCUUTAAGCTGGAGGCAUGTCCCCGCACTUGGCGCCGGGCGGTCGAAGUGGCGUCUUU',10/23/2017
13,'CGGUTCCUTGGGGGUCGTGCUGGGTGGGCGACGGGUCGTCGGGCTGUGGGCCGGGGCGTGAGCCCGGUUCGGGTGGGCGCUGGGGGTCGGCUCGGCGCCC',05/03/2017
14,'GCGGCGGGAGGUGCGCCTGCCUCGUGCGUAGCGGTGCCGTGCCUUGGGUGUGGTUGGGTGGUAUCAGCGCGGGGCACGUCGGAGGGUCTGAUUGGTGCGG',11/15/2017
15,'GAGGCUGTGUGGGGCGGUCCGCCAGCGCGUGTGGTACAGCGCGCGCGGGGCGGACGGGUTTCCGGGCCCCCCGUACGCGGAGGGUCGCUCGACUCCGGUU',1/19/2018
16,'GGUGGGGGGGGGGGGUGGGUAGAGGCGUGCUCCCGCUAGUGTAGCCGUCTCUATCCGCGAGGGATUGGGCGGCCGACGTGGGGCGAGTACGTUTACUUGU',5/16/2017
17,'TGUAGCGCGGCGGGTCUAGGGGAGGCGCGTGCGCAGGCGCUGGUGGTGGGGGGGAGGAGCAGGTGAGCUAGCGGGCCGGCGGGUGCGGUAGGGTACAUCG',12/01/2017
18,'CGGGCUAUGGGCUGGGGUGCGGGUCTGGGCCUUGCGCCAUGCCCAUUGACAGUUGGTCCGGUGCGGCAGGGGGGGUGGCGGCGCUACGCCGGGGGGGGGG',6/26/2017
19,'CUCGGGCGGGCUCGTCCGUTCTCGGGGGCGGGGCGGUGGCGACCCCCAGTUGAACGCGUTCGCCUUCGATUGGTCGUCGTGGGCUUGGGGCGGGCCGGCG',2/20/2017
20,'TCUGGTGGCGGUGUGAGGGGGGGUUUGGGUAGGTGAGCGGGTGCGCGGGCACCCUCGCGGTGGTUGUGGAGAGCTGGGGCGGCGGTUCCGGUGCAGGGGG',4/16/2017
21,'AGGTGGGCCTCGCGCUCGGTAGCGCGCUUTCGGAGGUUCAGGGGGUCTGCGGUGGGGCGGGCUGGAGGGTGAGGCTGGUGUUCGGGCCUGGGCCGGGGGC',11/22/2017
22,'CUCUAGTGGCGCCCGGGGGGAGGCCCCCCGCCGGGGGGGCGCCCGUCUCGGCTTGCGGGGUGGCGUCGUCGGAGCCGUGCUGGGTGUCCUCCGCGGCGCT',6/21/2017
23,'GAGCUTGGGCAGGGGUCTUGGCCGGCGGAUUGGCGCTGUCTGCGUCACGCCGAGCGCCGGTGUCGGUUGCGAGAACCCUCGCGTAAGUCTGUGGGUUAGT',2/20/2017
24,'UUCCTGGGGCGCTGGGGGCGUUAGTGTCCCGTCGGCGTGCGUGTGCGGCGTACCGGCGGGGCGGAGGCGCUUTGGUGUGCTGUTTCCUCGCCAUCCCUTT',09/02/2017
25,'CGCAGGUCGGCGGCGCUUGUCGGGCUGUGCCTGGGGCGGUGGAUAGUAGCGGCCCUGATGGUCGGGGGGAGUUCCGGGGUAGCCAGGGGGCUUGCGGCGG',4/21/2017
26,'GCUGUGCGCAGGATGUTCGCCUAAGACCGGGTUTGCUCGUCGUGCGGCCGGCGAGUCCGCCGCGUGGGUGCCUGCCGCCUGAGUGGUGGGGGCGCCGUGU',09/03/2017
27,'UUGCTGCGCGGUGUATGCCCGUTCGGGGCUGGGTGGGGGGGUGCGGUCGCGCGGGCTGGCGGUCCGCTCCGUGUUCGATCGGTCCCGCCGGUCGGGGUGG',9/16/2017
28,'CGGUCCCGGGGGGGGACGTUGUUUGAATGGUCCCGGGGGGCCGCGUGGTGGUUGGGAGGGUCGCGGCAUACTGUCGTGUCCGGGCGCACGUGGGGCGUGC',01/05/2018
29,'TUGCGAUGCGUGGACCCCTGAGCCGCGGUGCGUCGUGGGGGGGCCAGGTGGCGGTGUCGUCCCGACGGTGCCTCUAGGACGGTTUAGCUGCGAGATGGGG',7/28/2017
30,'GGCGCGCGGGCGCGCGGGGCGGGTGGGUAGAGGUTCUGGUGUCCAUUGGGGCGAUACGGGGAGGGGCGCGCCGGCGGGGTCGGUGGGGGGCGGGCCTAGU',9/15/2017
31,'GCTGGGTUTTGUGAACGTGTUGGATUUCGGTAACCGGUUGGGTATGGGCGGUGGUGUUTGCGCTUGGCGGCCCCCCCGGTCGGUGCGCCAGGGGCCGTGG',11/17/2017
32,'TTGGGGACCGCGUCTGGCGGGCGCGGGAGCGCGCGGGGCGGCGGCUTGUGGGGGCUGAGCCTGUCGUCGAGUCGCGGGGCCGGUGCGGGUAGGGTUGTGU',9/22/2017
33,'TCUUGCCCGGGGUGCCUGGCUCGGGCGCUUCCUGCGGUTGAGGUGGGCACUCUGGGTAGCGGGCGCGTGCCGGGCCGUGCCCACCAUCGGGGGGCGGGUU',12/08/2017
34,'TGGGGUUGUGCGGGUGGGGGGGGGGCGGGUUCGGGCCTGGGUUGGGUTUUGGGCGGCGTAGGGTGCCCUCGGAUGGAGUTGGGUUGGGCGCUGTGUGGUC',7/19/2017
35,'GGCTCACUGGGGGCGGAGATGUGCGGGTGGCCUCCGTGGUGCAACUGCGGGAGUCCCAGGGGGGCUCGGGAUGGCGGGGTGCGGUCACAACCCCCGGUGG',02/10/2017
36,'UTCCGCGGGCGGCGCGGACCCUCTUTGGGTGAAGCUCGGGCGUCGGGGUGCGCCAGTUGAGCAGCGGGUGCCTGGGUGCTUAUGCUAGGCTCGGCGGGCC',12/14/2017
37,'CGGTGGUGCGGUUGGCCGGGUGCGGGUUGGCTCGGUGGUCGGGCGGUUGGGTGACGCCGCGGGGCCCGUUCGGGACCACGGACTCUCCCGCGAGTGGGUC',7/21/2017
38,'UGCGAGAGUUGCGTCGCCUCGTUCGCGCGGGGGAGUCGGGUGGCGUGGCGGTCTGCCAUGGGCUCGGCGGUGUGGGUGGGGGUTGGCCCCGCCGCCGATC',6/27/2017
39,'GGGGGGGGUTGCGCCCGGAAGGGUUGUGTGCGGCTUGCAGGGGAGGCGGTGCCGCGCCGGGUCGGUCGCUUUGGUCGGCGUCGCCGCGGGGGUCCCGCGG',07/08/2017
40,'GGGGCCGUATCCGGGGUCCGGGGCGGGTUCGGGCCAAGTGGGCGGGUUUGTGGGGCGCGCGGUUCGGGUGCCUCCCCUGCAGGGCGCCCCUCGAGCCUCA',06/07/2017
41,'CGGGAUCGGGAUCGCGGAUCGUGGCGCTGGCCGTCCGCCGUGUCGAGGGGGCGCCGACGGCCGCGCAGGCGAGUCGCGGCTCCAUGGGUUCGGGTGCGGT',02/02/2018
42,'CGGGCGGUGGGGCGCGGGGGGGCGUTTCGATGGCCCGGGGGGGCUCCGTUGCUGCCGACGGTAUTGCGGGGGGGCGGCGUCGCCGAGGCGUGGAGCGAGU',04/02/2017
43,'CGCTUTUTGUCGGUTUGGGUACGUGGCCGUGCCGCUGGGGCCAGCCGUGGGCGGCCGGAGGGGGCTGGGGGCCUCGGUUAGCGCCGGUAGGCGGGCGGCC',03/04/2017
44,'TGAGAUGTGGGGGGCUCCGGCGGCGCUCAGUTUGUCCGAGAGGGUGGCGTGGGAGUGGGUGCGGGGCGTGCUCGGUGGGGAGAGCGTGGUGUTCCCTGCG',02/10/2017
45,'CAGGUUTGCTGGGCGGGCGCGCGGGCCUTGGUACCGUGGUGGCCGTGGCGGACGGGGCUCCTTTAGTCGGGTGTCAGGCGCGACGGCGCGCAUUGCGGGT',9/22/2017
46,'GCGUCAGUGGGTGGCGGCUGUCCGGCGUGGUGUGTGGUTUCGCGGGCACCGCGGGGUCCGGAGGGCGUGGGTGCUCCCCGCGGGCUGCGTGCUGGGCGGG',12/30/2017
47,'UAAGGGTCGUGCGUGGGUGGGUCGGGTGGGTGUCGUGUGCCGGCUCGCGUCGUGGCUUGGGCUGUGGGCGCUCGAAGGGGTGGGCCGGTGGGGGCUCCCC',05/09/2017
48,'GUUGUGGGUAGGUGAUCGGGCCGUGGGCCGGUGGGCCCUUTGTCUCUGUACGGCTCGTGGGCUCGCGCGGGGGUAGCGGGCCGGCGCTGGCGGGGGGGAG',1/21/2018
49,'GCCGAUGUACGTGGGGGGGCGCTGUTGCUTGTAGUACGACGUACGTGGCGCCCUGGTGCGGGAGGGCTGCGGGUGGUCGUCCCCCGGCCCGUCGCGCTUC',7/25/2017
50,'GTTUGGTGCUCGCCGGCCCCGGGCGCCGGCGCUGTGATCGGCACGGCCCCCCAGUGGAGGGGCCTGGGCGCGGUGUGGGUTGGGCUUCGAGGCUGGGUCT',6/14/2017
51,'CGGGCGTUGGAGCGGGGGCGCGGCGGGUGTUGAGUGGUCCCCTGTUGGGGAUGUGGCGGGTGGGGGGGGCUAAGGGGGGGCCACGUTGGUGUCGGGCUGA',7/22/2017
52,'CGCCGTTGGGGGCGGGTGGUGATCACGUUCGCGTGCCGCGCGGCCCGAGGGACCCGGUGGCGCCCGTGGGCGCUCUCGGGGGGTCGCUTAGGGGGGUUCG',11/09/2017
53,'UCCTGCGGGACGUGCGCCATCUGGGGUUGGGTUGCGCGGGCGGGGGCGGGGUCCGTGGGGGAGGTGAGGGGGACGGGTTCGAUGCTGGGGUUCGGCGCGC',2/23/2017
54,'CGUCTTGAGGGGGGGCCGGUCGUCAGGGGCGGGGGCCCCGAGGGAGGCCGCCGTGCAUUGGCGCUAUGUUCAGGAUGGGGGGGGCCUGGCGCGCGGCGUU',10/25/2017
55,'GGUCGGCCUGGUGGCCCUUCGCGCGCTGGCGCUCGGUTGCUGGCCUGGTCGGCGGCGCGGCGGGGGGGGCUTGGCGGCGCACCGGGUCCGGGGGTUUTTT',12/09/2017
56,'GTGACCGCAGCTCCGCTCGGAGGTGTGAGGGACUGTGGGGCGCAGCCGGGGGCGCGGCUCGGAGUTGGCGGUCGGCAAGTGUCGGGGGCCGGGTCTGGGG',12/27/2017
57,'CGUGTGGGUGGCGGGGGGGUGUCAGGCTGAUAGGCGGGGGGCUUCCAGUGCCGTCGGCGGGCGGGGUGUUCACUGGTCCGTGGGGGCUGCGGGTCGCGGA',5/19/2017
58,'GGGCGUCUGGCUUGCCCTCAGCGGCCGGGGCUGUGGAGUGCCTCCUCGGGGCCGGGUCAGGAGGAUGUGGGTGCTGCATGGGCGGCGGUGCAGGCTUGGU',01/01/2018
59,'GGGGUGAGATGGGGAGGGUTGACCAGCGUCGGGCGCUCGAGGACGGCGCGCGGUCGGUUCUCCCGCGAUGCTUUGCGGGGGGGTGUGGGCGGCUGCUGGT',7/27/2017
60,'CUUGGCGCTCCUGCUATGGCGGGUUGCGCUGGUGGTUAGCGUGGUGAACGCCCGGGGCUUGGUACGGCACGGGGUUCGGGGCGCGGUTUGGGCCGUGGGG',12/09/2017
61,'CCTCGGCGCUGAGUUGGGTAGGUUGCGCGGAGCAGGGCGTCUTCCCAUGGGCGGUTCCUGGGGUGUGUGGCGGGAGCGGTCCGGCGGGUCTAUGGGTGUG',10/27/2017
62,'UGGGUGCGCUGTGCCGUUCCCTCGGCGCCGCCUCGCGCGCCCUGCGUGCGCGCUGCGGCUGGUUGCCUUGAUCAGGGCGAGUGUUCGCGGUCGCGGAGGG',3/27/2017
63,'CCCUGAGCUGGGGCGCGGGGCTUCGCGCCCGGGUGGGCAUGUUGGCUTGGGUGCCUGGGTTGGGACCAGGCTGGCCUGGGTGCCGGGTGGCACGGUGGCG',12/16/2017
64,'GGGGACGGCGCGTCGCCAGGCGUGTCUACGUGGCAUGGGCGGCCCUUCCCCAGGCGGCGUGGAAGCGGCCGGCUTGGCCCGCGCGGCGCGGUCGGUUGCC',8/31/2017
65,'AGCGTUCGCTCGUGCCUCCTGUTGUGGTGUCTCCCGGTGCGGGGCUCGUGGCAGUCCCAAACCCCCUCCGCCUGGGGGGCCACGGCGUUCTCGCGCCTUG',5/23/2017
66,'UAGGGUGAGGATGUGGCUGUGCGGGGGGGCUCGCGACGGGCGACCCAUCCGCCGUAUCGTCTACACGCGGCAGGCCGUCGGGGTGUUGGGUUCTGAGCGT',8/21/2017
67,'GGACCGTGGCCGCUCGGGGCGCGUGUGGGGAGGGATUGGGAGGCCUGGUCUGCGCUCCGCUGGTGGGCGGGTCUGGTGUCUUCCGCGCCUGGUGAUGCUG',4/22/2017
68,'GUGGUGGGGGACUGGUTGGGGTGCCGCGGGUGCCGGUUAGGGCGCGAGGAAGCGGGCUUGGCCGGCCCAATGCGGGGGGGGGGGGUGTGGCGGGUGGCTG',02/08/2017
69,'GUGGGCUGGTUGGGUACGUUGUTGCGGUUGGGGCCGGCGCGCGGGACCGGTGCCGCGGGGUTUGCGTCGCGGUGACUGGUGCGUGCTCGGCUGGGGTCCC',12/18/2017
70,'GAUGCCUCGCCTAGGGGGUGGUGTGCGUUCGGCGGCGGGGCGUGGGGTGGCGGUGCGGGCCGCTGCGTGCGCCGCGCUCCGUUGGCGCCCGUGGCGGGTG',5/30/2017
71,'GUGGGGUGGGUGCGGUUGGGTUUGUGUGCGGGCUUGGGTUCCGUGGCCTCCGGCUGGGGGUGGGGGGGCGGCAGUUGGCAUGGUCGGTGGCCCUGGUGGG',6/26/2017
72,'UCGGCGCCGGUCGGUGGCTCGGGCGAGCGGGGGUGCCCGGCGGGGUUAGCGGAGTGATCCGGGGGCGGGCGGCCGGCGCCCGGCGUCGTGGCCGGGGCUT',10/03/2017
73,'UTCCGCGGTGGCUCGGGCGGGGGGCGGACGUGGUUGCUGUCUGCCCUCGGGCCCGCUGAGGTGCAGGUGAUTGUTUGGTGGGGCUGGGCCGGGGGGAGCG',6/24/2017
74,'GGGCGGGCGGUCGGUGGGCGGCGCGCGCUGTCGGGCGUACCAGGGGCGGTUCAGCGCGGCGUCGUGUGGTGCGACGCACCGUGGUGGGTGUUGGGGGCGG',11/03/2017
75,'CGCUGCTCGUGGGGTCGGGCGCUGCUGCCTGUCTCCCGGGTGUGTGGGCCGGCCGGCTGCGGGGGGCUUGCGGGGGAGUCGUGUCGGGUGCUTCUGACGG',12/14/2017
76,'GGCUTGACGGGCCCTGGUCUCGUGGGGCGGTTGCCUGATGCGGGGGUCUGCCGGCCCUCCCCCGCGGGTGGCCGGUGCGGGGGACGGGGGGGGGAUGGGG',07/01/2017
77,'CUCCGGCGGCGCCGUGGTTGGGCGGUACUCCGGCGCGCCCCCCUGCCGGCCCGGGGGGGGCGUCGGCTGGCGGGGUGGCTGAGCGUGTUUCTCGUGACGU',08/03/2017
78,'UCGUGUUGCGUGGTCCGGCGGGACGCGUAGGGGGUGUUGUUGGGCGGGCUGGCCGGGACCUGGGCUCGGCCGGUUGGCCGCGTCGGUCGGUGUGCGGGGU',3/17/2017
79,'UUGCGGCAGCGGGCCGGUACCCUUACUGCAAGGAGGGGATCGGTGGGGGUGUGCTGGACUAGCGGGGGCCGCCCGGCUGCACCGUUGGGGCGCGCUCGGG',11/23/2017
80,'CGTGCGCGCACGCGCCCTTGGCGCCGCGGAGAACGGGCGUGGGGCCCGUCGGCGGCUCCUGAAAGTUUCGGCGGGTUGUTGCTGGGAGCCACGCCCGGGG',8/18/2017
81,'CUCCCGGGCGGGCGGCGGGCGGTCGGGUCGGGUGGGCGGAACUGTGGCGGTUGUUCTACTGGCGGCCGCCGGGGUGGGGGGACGGCGGATGAGCGGTGGA',12/13/2017
82,'UUGGCGGGCGCGGGGTGUGGCCCGGGGGGAUCGGCGCUGUTUCGGGCGUTGUTGGCTUGGGGTTGGGCCCGGGGGGGGTCCCCUCGGGCCCGTGGGCTGG',09/09/2017
83,'CTGGGGGGCGGCGGGCGGGCGGGGGCGCCGGGUUCACCCCGUGCGUACGCCGUGGUGGGGUGGGGTCGGGAGGCGUUUGTTCGTUGCGGCGCGGGCGGGG',6/16/2017
84,'CUGGTGAUGGCGCUGCAGCCGUGGGCGUGGGUGGUCGCUCGCGGTCGGGCGGGGGUGGGAUGGCATAGUCAGGGCCAGCCGGUUGGGGUGGGGUGUTTCG',07/06/2017
85,'GTGCGGUACCGTCGGCGGGGUGGGGCGCGGGGUTUGGCCAGGGCGGGGCTTACGAUAGGGGCCGCGUCCGCCCGGGCUGGGGCGGCGUUAGGUGGGGGUA',02/03/2018
86,'GGAGGGGTGGAGGGGAACUCCGAGCCCGGAGGGGGCGGGAUTTUCGGGTGCGCCUCCGGCCTGGGGGCGGCCGGGGGGGGCGGGGCCCCCGCGUGGAUCG',3/31/2017
87,'UCGGUGGGGGGUAGUGUUAGCGGACGTUUGGGAGUCGGUGCGAAGUCCCGCACGTGGGGGCACGGTUUGGGCCGUGGGAGCGUUACGCCCUCGUCUCGTC',1/15/2018
88,'CGGCTCUGUCGCGGACAGGCGGGTGATGGGAUGGGUGUCUCAUGUAAAGGCTGUGGGGGUAGGGGTGGGGCGUCCCUGCCAGCUTGUCCGCGGGGCCUGG',1/21/2018
89,'UGGGCGGCGGCTCCGTGCTGGCCUGATGGGGGGGGGGTUCGUCGUATCGGCCGCGCGGCUGUGGTGGGCGCTAGGCGTGGAGGUUUGCGGGGCGGGUGGG',8/14/2017
90,'GUAGCCGGGGCCGCGGGCGCGGGCUGTGUGCGGGCGGGGGCAUCGUGUTCCAUGCCCTGCGGGGTGGCGUTGUGUGCUGGCCTGGUGCCUGGGCGUGUGC',04/09/2017
91,'GGAUUUAGGGCUUGGGGGUGGGGUUGAAGAAGUCGGAGGCGCGCTUCCGUTGCGUGGCGATGTGCCUAUTCGAUCGGCCGUGCCGUUGTGGCGGGAUGGG',10/24/2017
92,'TUGUGGGGCGGGUGGGGCCGCGCTGGGGGGAGCGGGGGCUUATGGACCGTCGGCGGTCGGGCGGGGGCGTUCCCGGGGGGGGGTGUGCGUGGACGGGGCG',1/13/2018
93,'GCACGUUGCGATUCAGGGGCUACCGGCACGAGCUCCGCGUUATGUTUGAGAGGGGGUGUCCGCCCGGCUGUCAAUUUCTGGCUGCUGCUAGCUCAGACGG',11/01/2017
94,'GCGGCGCTGCGUUTCCUUGAGGCGGUGGCAUGCGTGCUGAGGCTGUCGCCTCUGUCCGUUTUUTCCGGUGGGGCGCGGAAGTUGGUGGGCGCGGGGCUGG',7/21/2017
95,'GGGGCGGCGGGGUGGCGUGUGCGGGUCGGGUCCGGCGGCTGCCGTCCTGGTGGGCGCGGUGUTGGCCGGCGGCGTGGGGUGTCUCGUGCGGCGGGAGCGC',9/19/2017
96,'CGCCCCGGGTGCGGGGUGCAGGGCGGCCUGCGTGGGAUCGACGGGCAGCAGGUCUCGCCCCCGCGGTGGCUGUGTCCTGCCGGUAGCCGGUUUGCGGCGG',6/16/2017
97,'CUCGGCGTAGTCGGCGGUCGGGUCGGGCGGCCCUUGGGAUGGCGGGGGUGUGGTCUGGGUGGGCCUCGGGGACCUGCGGUGCCUCCGCCGCGGCCTGTAC',8/23/2017
98,'UUAGGCGCACGGCGCAGCCGTGAAGUCGCGUCGGCUGCGGGGCGGCGGCUUGCGGGGGGGGGCCTUGTGGGCGCGACCGGGUGUTGUUGGAGGGGGCCGC',9/15/2017
99,'GCCGAGGCAAGGGGCCAGGGGACCCGGGGACUUUGCCGGGGGGUGTCCCGGCAGCUCGCCGGTAGGGGGGGGCUCCUCGUGGCAGCTGCCGUUAGCGCGG',2/17/2017
100,'GGGCGTCGGCCCGGGCGUCCGGCTCUGCCCCGCGGGGTCCAGGGACGUGCGACGCAUGGACGGGGUTGTGTUUUCCGUUCACCTGGTCCTGGUGGCCCGG',03/03/2017
101,'GCGGCAGGCGGUGGGGUGAGCCGUGGUACGCGCUUCUCGTGGTGAGGGUGGGGGTGAGGCAAAUGGTGCCGGGGCUTGGGAUGGGTGGCCGGGGUGUGAC',10/23/2017
102,'UGGCGGTUCGCGCAGCTCTUGGUUUGCUCACUGGCGGGUAUGUGGUCGAGUUGUUGACCCAGGUCCGGGUGUGGGGAGAUGGCTCGGTGCGCGGAGUGTU',2/21/2017
103,'GGTUCGAGGGUGUUCCTCCGAUCUGGCCTGCAGGAGCCUCUGGCCCGGGGUGGTUTCGGGGUGCGGCUGCGGGCUACCGUGGCGGACCCGUAGGGGGGGG',04/10/2017
104,'CTUGTGGCUGCCUGUTGUUGGGGGUGGTGGGCCCGGGGGGGTGTCGCGGCCGGCGGTCTGGTCGGCGGGGGTCGUUUGGCAUTGGUGGCCCGGGGGUGCG',08/03/2017
105,'GGGUCGACGGCGCGUGAGAAGCCCGGUGGCUCGGGCCCCGCGCAGGGGGCCATCUGCUUGGGCGGGGGGTGGGTUATGGUGUUGTCGGGGTUUGGCTGTC',4/26/2017
106,'GGGGGCGTUCCAGTGCAAGGUGCCCGTGCCGAGGUGCCCUGGTCTGGGGUCCCUUCGAGTCTGGUATGGCUGGCCUGTUGGTCAGGCGCGGGCGGCGCGU',6/21/2017
107,'GUAGUGGAGGAGGCGGGGGGGUCGGUCGGGCAGGGAUUGUUCGUUGGCGGCTGCGGGGGCUCGUGGTCGUUGCCGGATCUCGCGTCGAGGCACCGCUGGC',12/03/2017
108,'CGTCCGUCCGGTGUGGGGGGCGCCGACGTGGGGGGGGCCGGGGCGUCGAUGCACGGGCCGCGCAUCGUGGUGGCGUGGCGCCCCGCCGGCUUGGGGTUUC',6/27/2017
109,'GGCGCGCGCCGGUGCCUGGGAGGGGGACGUTTGGGGGGUUGAGAUGUGUGGCCCCGUCGGCGCGUCCGGCAUUTCGGUTGUGCUGCUGCGGGGGCTGTUT',07/05/2017
110,'GGCCCGTCGUGUCGATGCCCGGGCGUGGGGGGCGGCCGAGCCGUUGGGGCGTCGGCCGGUUCGUCCGAGTGTCGACGGGUGGGTGUCACGGGGGGGGCGG',8/16/2017
111,'GGGGTGCGCUUUGGTGGGCACGGGGGATGTACGGGGUUGGCCUGTGGUUTGGGGGCGGTGCTCGCCGGGGGGCCUGGGGCUCCGGTUCCGGCCGGGGGCT',10/28/2017
112,'AGCGUGGGGCAGUGGTCGCGAGGGCGCUGGGCGGGGGGCGGGGGTGGGGGGUGGGCCCUGGCGATGGUGUTGGGCGUCUGGGCGUCGCGGCGCGTGAAUC',6/20/2017
113,'GCACGGATAGGCGGCTCGGGCATCGTCUGGGGGCCAGACGAGTGCGGUAGGCUCUCGCTGAGGCGCGGGACGUCCCGAGGGGGGUCGCGUGUTGGGCUGC',4/25/2017
114,'GGTCCUGAUGGGUGGGGGGGGCGUGGGCGGGCTCGTGCCTGGGGGGCGCGCGCGAGCGGUGGGAGUCCCCUGCCGGCCGCUCGCGUCCGGUCGTGGGCTG',4/13/2017
115,'CGTTTCGATCCTUGCUUGUTGGGGACCCCUUGACTGCGGCGGUGCCGCCCGGUGGGCGGGCCCCUGGGGGCGGTGGAGGCCUGUCGUGUGGUGACGCGGG',1/29/2018
116,'GGGGACGGGCGGCGGGGCCUAGAAGCCUUCAUUGTCCGGGCCUCGCUGGGGGTGGGAGUGGGGGGGCUCCGCCCCGGGGCGGGTCGGGGGGTCCACCCGG',1/20/2018
117,'GGCGCCGCGAGCGGGTGGTTCUUGCGUGGGGCCGGCCCAUGGGGCCCAGCGGCAUUCCUTTUGGGGTGAGUGUUCGGCGCGCGGGGGGUUGAUGGGGCCA',11/25/2017
118,'CGGGGGAGCGGUAGGTGUGGAGGGAGGGCGGUACCUTCCGCACCCTGCUGCCCAGGTCAACGGGGTGGCGTTGUUGUGGGGCGGGUGTUGTUCCTGGCTG',03/06/2017
119,'GGGCCCGGCGCUGUUCAGUGGGGTGAGGGTCGGGUGCGUGGAGGGGTCCUUGAGTCGCGCGCCGCGUGGGGCCUGACCGGAAGGGGGGUATGUGGUCGCG',7/24/2017
120,'GGUGGCCCUUGCGUUGCUCGCGGUUGUGUAAGCCTGTCGCGCUCGGUGCGGGTCGUGUGAGGCGATGTGGTCAGGCGTCCCTCCGCGTGGGGACCAUCCC',07/10/2017
121,'TGCGGCGGCGGCCCGGGGGGGCGGTGGCGGGGGUTGCGCGGACUGCCGCGCCAGGCGGCUCCGGCGGCGGTCAGGGACGUGCTGGGGCCAATGGGCGGUG',1/16/2018
122,'CGCUACUGGUCGCGCCCGGGUCUAGCUAGGGAGCAGGGCGCGGGGGGCUCTUCCGCCGCGGGGGUTCCGGGCGTCGGUGAGGCGUCACGGCGCGCTGACG',06/10/2017
123,'GGGGACUGGGCUGGGTUGCCCGCGCCGTGTUGCGUUCGAGTUCGTGTGCAGGTGGUCGCGUCGUAGCCUTACTGUTUGGGCGUCCCCAGTUCGAAGGAGC',4/18/2017
124,'CGCCGGGCCGGGGGAUGCTGGUGCGGGGUGGGCUGGCCCTGGCCGUGUUGGGCGGGGGGGGCTUCTGGTCCCTCGGCGCUTCCUCGAGGAGTGGCCGGUG',7/23/2017
125,'GUGAGUGGGCCGGCCUCTCGUGGGGGGGUGGCGCGGGGGGUCCUUGGUCUGGGGAGGGGGUGCGGAGCGGCCUUTUTGCGGCCGCGGGAGUGTGCUCACG',2/25/2017
126,'GCTGCGCGCGTCGAGGGGCACGGTCUGGAGGCUCAGGUGGCGGUGUTCCGGUGGGCGCGCGUGACGUGGTCGGGCGCGACGGAGCAUGTGAGCGUCGCGG',10/16/2017
127,'AGUGCGGACUUCGGAGGUCTGCGGUCCACGTGCCGGTGCCGCGGGGGAGUGGGTACGCGCGCGGCGCGTCCUGTTCGUUGCUUGCGGCCGGGCCGGGCGG',9/22/2017
128,'GGGCGCGGCGGGUGUGCCCAUCGCTUCUGGAGUGUGUGGGGGGTCGCGGUGGUGUGGCGCCGCGGGGGATGGGGGTGGUCGUCGCCGGTCGAGGUGGGGG',2/21/2017
129,'TCACGCGGCGTCTUGUCUCGGGAGGTCGGTGCTGGTUCGCTCACCGTGCGUGUGGGAUCGGGGGGGCGGCCTCGGCCACUGGUUGUCGGTGCUGUAGGGC',6/21/2017
130,'GCUGGCCCGCGTUUGCGUCCGAAGCUUGGUCGCUCGCCGACCGUGGGCGGTCUGGUCTCCTUGCUAGGGGAGGUGTTUUGGGTCGAGGGCCCGGCCGCAU',12/12/2017
131,'TGGUCGAGCCGGTGGCUTGCGGGGCAGGGTGUGAGCUGGCUAGGGGGGACTGGUGAGTGUGTGGGGGGCCGGUCUUGGCAGUGGGGCCCCCGGTCCCCGC',4/15/2017
132,'GGTGTGAUGCGTUCCCGCGCGGGAGAGTGGGCGCGCAGCCUCCGGCGCUUGGGGGGGGUGGUTGTCGUGGGUGUTGGCGGGGGGGAUCGGAGCGUCGGTA',1/15/2018
133,'GGUGCCUCCCGCGGGGCGGUGGGGGGUGGUUACCGGCUGTGTCAGCUGAGGGUGGCGTGGGCAUGUCUGTGCTGGCCCTUGGGGCCGUUGCUCGTAGGAG',5/16/2017
134,'CGATGGUGCCACCGGAGCCCUCCUACCGGTGGUGACGUGGGGGUCGGGGCGCUCCCGGAGGGCUCCGCAGGGGGCGGCGCCCGAGGUGGGCGGGGGCCCG',11/03/2017
135,'AGGCUUGUUGAGCCCGCGGCUGAGUCCGACUGUCCGGUGGCGGCGTGCCCGAGGGACCCUGUACCGGAUCGGGGAAGGTGGCTGGCGGGGGCGCTGCTGG',12/06/2017
136,'GCGUGGGGCGGGGCGTGGACCGGGGTGCCUGGUAUCGGGGGGTCUUCGCCCCATGGGCGCAGUGUCTCGCGAUGACGGGCAGGGCCGUUGGGGCCGCGGC',8/26/2017
137,'CCUCCGAGUUTGCGTCTGTGUGGGUGCCGUGCGGCCCGGGGGGGCACTGCGTGCCCTGUGCCCCGAGUAGGTUGCAGCGGGCGGGGAGCUTGGGGGGGGC',8/28/2017
138,'AGGGGCUGUGTGAUUGGCGUGGTGCCGGTCGGGCUCCGGGCGGCCGAGGCGGGGGGCGGUUCCUGCAGGGGTUGCGGGGGGCCGCUGAGGGGGGTGGUTG',02/12/2017
139,'GCGGCGGGCTCGCTGTUGGGCGGGCCCUCGGGGTGCCTGTGGUGGGGCUGCGGUGUGGCCTUCGCCAGGCCGGGGCGTCGCCUGGGGCGGGCUGGGCGAC',12/31/2017
140,'UACGUUGCGUGCGAGUAGGGGGAGCGGCGCCGCGGGGUCUGGGCGUGTCGGAGUGCUGCGUGGCUGGCGGGGGCGCCCCGCGTCTCGUAGGGGTUCGTCG',04/05/2017
141,'GCGGGTACGGGCGGGGGUAGGGGGGGGCGGGUGGAGGGGGTGCGGGGTGAGUGUACGCGCAATCCUGCGAAGGGGGCCACGGGGGGUGTUAGGGCGGCAG',08/05/2017
142,'GGGUCGGGGGGAGAACGGGGAGCGGGUGGCAGGUCGCGGGCGGTGGGGAGUGTUUUGGGGGTCCGGGGCCCTUUCGCGGGCGUCGTAGTCGGGGGGCCGG',7/22/2017
143,'GGGGGGGGGCGAGGGCAUGCUGGUTUGCCGTCATCGTGGCUGGGGCCGGCGGGCCCGGGCGCGUGCGGCGGGGUGGGGGGGGGGUGCGGGGGAUGAGGUC',3/27/2017
144,'UAGGGGGGGTAGGGCCUCGGUGATCGTGCTUGGCGGGUCUGUGTCGGTATGGGTGGCCCGGGGGTGGGGCCGCUCCCUCGUGGAAGUTGGGCCGGCUGGU',6/13/2017
145,'GUCCGTCCGGGCGCGUGGGGGCGGUGUGCGCACGCGCCGGCGGCTGGGCGGCUCGGGGGAGGGCGGGTCACGGCGGGUATCUGGCCGGCCGCCGGCCGGG',4/25/2017
146,'UTTGGGGGCCCGCGGAGGGCGCUGGGAGCGGCGCGGGUTCACGCGCGGUGUCCCGCCCUUGGCCCGUGCTGGGCCGGGGAAGGGGGGGGUGGUCUGGGGC',06/06/2017
147,'UCGGUUUCCCUCCUCGCCGGGCGCUAGTGUACGUCGGGGCTCTTCUCGUUGGGCCCCUUCCCCCGCTCUGGTACTTCCGUUGCGCGGGGGGGCUAGCCTT',05/07/2017
148,'UUUGCCGGGGCCUGUGTGGUGGTCUUGGAUGGUUUCAGGGGCGGTGGCUUGGCGGGGGGTCCGGCTGTGCUCTGCCCGCCGGCAGCUGGUTGGGGUGGGU',07/07/2017
149,'CGGTUAGUCCCCUTUCACGGGGCCGAGGGGUGGCGGCCGGGCGTGTUACGCGGCCGCGCCGCUGACGGGCUGTCCUUGGGACGGGGGCGCAGGAGGGGAT',12/12/2017
150,'TCUGCUGGGCGCAGGGCGUGUTGCGACGGCCGAAGGACGGGTGGCGGGGGGGGGGGGUCUGCGAUCGCCUGCAGGGGGCTGGGAAGGGCGCGCUGGCAGA',3/24/2017
151,'GGGCCGCGAGGGUGGCAGCGUUCGCGGGTGCTGGTGAUGGTGTTGCGUCGACCCGGUGGCCGTGGGGGGGUGGGCGGCATAGCGUUGGGCCCGGGGGGGG',05/09/2017
152,'GCAACCGCGCGCCGGCGGCCAGCTGCCGAUUGGGCGCGCGUGGGCGGCAUGCGTGCGGGCUGAUUGTCGGGGGGUUCAGCCGGUTCGCCGGAGGTAUGGU',9/21/2017
153,'CGGGCGTCGGAGGCTGGGGGCGACGGAGTGGCGUCUCGCCCTCGGGACGGCTGUGGGAGGCGGUCCGACCGGUCUGGUGCGGCGCGGTGATUACCAGUUG',6/25/2017
154,'CCGCCAUGGGCGUCGUGCGGGGCUCGCCGCGGAGGATUCCAGUGCGGTGCGUTGUGTTTGCUGCUGGGGCGCCGUAGUGUGGCUAUUCCUGGGCGGCUGU',01/06/2018
155,'GCGGGCUUGCGTCUGUUGUGCCGGCGUUAGGGUCCCCCCGCGGCGCTGGGUGGGGGGGGCUGGGGGGGGCGGCCCTGAGGUGGUUGGCGGGGACTCGCGT',4/13/2017
156,'TCCGUUATGCTGCGTGGGGCGUGCCTGGCGUGGGCCCGCGAGGAGTCCUCTAGGGGGUTGGUGUGGUGGTGGUUCCGCUCCGGAGGGCGCTGCCGCGCTG',07/06/2017
157,'GUGUCGGGCTGCGCGCGGGGGCGGGGGCGCCGUGGCGGUCUGGGUGGGUCUAGGUTGCCUCGAGGUCGGGTGGACGGUCACCGCCGGGCGGCTCGGGCGG',10/20/2017
158,'GCCGAUUGGGCGCCGCGCGGUGTGACGGGCGCUGUTCGGCGGGCTGCGGCGCAGCGGTGCGGCAGGTGGCCGGCGGCGGGGGUGCGGUCGGCGCCUCUCU',8/24/2017
159,'ACCCGGCGUCCGUAGCGGGGCUGCAGGGGAAGUGGCUGAGGCGGCGGCCGCACGGCGCTTGGTAGGUUUGCGGGCCCCGGGGCTUGUGCUGUGCCGUACG',12/22/2017
160,'AGGGUTCUGUCGCCUGCCGCCUCGCGCCGCTGGGCGGGCGUGGGGCAUUGGGGGGCCGGGUUCGGGGUCUTCGCCGUGGCGCCCAGGUGTGGATGGGGGG',08/08/2017
161,'GGUUCGGUAGCUUUGGCGGGAAGGUGCGGGGGGGUGGGGGGCCGGGCGGGTCTGGCCGCCGUCCCCUCGGUGACGGGGCGGGUGGCGCGGUGGCCUUGAC',08/06/2017
162,'CAGGCCGGGGGCUUGUUGCGCGGGGCGCAAGACGGUCAUGUGAGGTUGCUGGCGGGCGCCGCGGUGCUGGGATUGGGGGUGCGGCUCGGCGGCCUTCCUC',11/27/2017
163,'UGUGCAGGCGACUGGCUCGUCGGGGAGGGTGGCTGGGGCTUCCCCCGGGGGGGGGGGATGGUGUGUGUUGGAGGCGGGCCCUCGUGGGGGUCGGGAGCUG',3/30/2017
164,'GGUGGCCTCGCAGTTGACUGCGACCGCUGCGTCGCGUGCGACGGGGCCCGGGGCCCGCTGCUCCGCCGGGCGGGGGGTCCGCGGUGGACAGCACUGGTGU',1/26/2018
165,'GCGCGCGGTCUUGTGCGAGGACGAGCGGCTGGUCGGGAUGCCGGGCCGTGCUCGAGCGGUCGCCGGAGGGGGAGGCACCCGTUGCAGTCAUCGTGGGCUG',8/18/2017
166,'GGCGCGAGGGGGGACGGGTGGUUGGAUGGGGGGCGCCGGGAGGGGTCCTGGACGGGGCAGGGUCGUCCAGUGAGGGGGGGTAUCUCUCGGGGAGUUCGCG',9/24/2017
167,'GAUUUAGUGCGCGGGGCGATAUGTGUGCUGGCGGUTGCUAUGGUGGGCCCUGCGUGGGGAUGGCTGCUGUGGCGGGGGGUGCUUCUGUGTGTGUGUGAUG',1/31/2018
168,'GTGGTUGCGAGCGGGAGGCGTGTGCCAGCCGCCCGCGCCCCGGUGCCGGGCUAGUUCCGGGGGGCCUGCGCGCAGGCUGUUGGCTCCUCAUCCGGUUGUA',3/17/2017
169,'GGCACCGGCAUCCUGGGGCUAGGCGGGUCCCGUGUTGGCUCCGGCGGCGCCCGCCCGCTGGGCGUGGGGGUGGGCAUGCGGGGGGGGUGCTTCCGGGCGG',1/16/2018
170,'GGCGCCGGGCGGGCGUGCUTAGUGTAUCGAGGCGUGGCCGTGGGGCGCUGGGCGTGGCUGCCCCGGGGGGGGUAGGUUGCTGGGCTUCCCGUUGCGGCGC',9/20/2017
171,'TCGCGGUGCGCACCGTCCGCGCUGGAGGGGCGGCGGGCUUCGCGGGGGGUTGCCCCUGGUGACGGTACTGCGGTGGGGGUTGUCGGGGGCTCUGGGGGGA',7/30/2017
172,'CGGGACAGGGCAGCGGGUGCCCUGGGGCCCGGGUGUGACGGCGGGGGCGTCGGCGGCGTGAGGTGGUGGCGGCGGGCCCTGGCAGAGGGCUGAGAGCGUG',10/31/2017
173,'UUGGCCTCCGTGCTGAGCCGGGGGUCGACGCTCGAGGUGTGGGCGTCAGAUUUGGUGGCGUUGGGUGCCGAGCCGAGUGGGCUCCAGUCUGGGGGCCGGG',12/26/2017
174,'GGCTUGGGUGCUTCGCGUCCCCCCGAUGCGGGGCCGCGGAAUGCCAUGCCUUGAGCACCUCGTUGGUGGGCCGAGGGGGCGGTUCGCGCCUCGGTGGGTG',7/29/2017
175,'GTCGGCGAGCCGGGGGGGCCUGACUCGGCUGGUGGGGGGGGGGGGGCGGCCGGGAGCUUGGCCGGAGGCGCGUCUAGGTGGCCUGAGGACGUGCUGCGGC',11/08/2017
176,'CTGCGGAGUGCUUCCUAAGCUGGCGGCCGAGGCGGCACCGTGGUGGGGCCUGTGCUGUGUTGGTGCCGGAGGCTGGAGUGCGGUUGCCUGGGCGCGGGUC',05/04/2017
177,'GUGCAGGCGCCGCCUCGGGGCCCUCCCGGGTGGUUCUUCGGCGCGUGCGAGCTUCGUGTTGCCGGCGGCGGUCCCGGCAUAUGCGGUGUCGTGTUUGGAU',02/03/2018
178,'CGCGCGUGGUGGGCGGGAGGCGUGUGTGGGUGAGCAGUUCGTGGGCCGGTAAGGCCGGGAGCGGUGGGCGCUCCGUCCCUGGCTGCGGCGUGGCAGTCCC',7/28/2017
179,'GGUGGGCUCGGGUUGTCUGCUGUGGACGUUAGGGGGGGCGGACGAGCGUTGCGGGTGUACGGGUGGCUGUGCGGGUGGGCCGCTGGUCCGCGAAGGCGUG',11/04/2017
180,'TGCCUCTGCUGGUCCUGCGGTGGUUGGGGGUUGGGCGUGGGTTCGGCUGCGGCGGCUCCGUGCGCGGGAUUUTUGGGGCGGGCTGTCCGGGGAGGGGGGU',09/11/2017
181,'GGGGAUGCGGTGUCCTGAGUCGGGCGCGGUGUTTCGUGGGGUCUGGCGGCGGGUGUGCUCCGGGAGGUCTCGCGGGGGGGTCGGUCCUCCCGGGACCACC',01/12/2018
182,'TCGATGGCGGGUCCGGCGGUUGUCTGCGUAUGCCCCGCGGCUGGGTUGGGGUCGUUGGGUTCCGCCGTGGGTGAGUGGUCUGGCGGTCGUUGTUTGGCGG',10/10/2017
183,'TTCUGUGGUCGGGGCCUGACUGGAGCCUGGCGCGGUGGCCACGGGGCUCCGACTUUTGTCUGGACGTGCGGCGGGGGUGGCGGCGUCGUGGGCACGUAGA',3/13/2017
184,'UGGGGGGCUCUCGGAGUGCGGGGTCGCCGCGUGCGUCATCGGCUGGGGCACGGGAUGCGCGUGGGAAGGGCTTGUGGAUGGCUGGGGTGCAGCACTTCTG',6/15/2017
185,'GGCGCCGTGCTGGGGACUGCCAGGUGGAGCGGGGTCTUCGGCUGCUGGCGGGUGGGGCAUUGUGUCGAACGCGGGTGTGUTCGGCUUGCCGUTTCGGATC',06/10/2017
186,'GCGGTGCGCCGCTUGCTGCCGCCUGGGGGGCGCGCUTGUGCGTGGGUCCGCGGGGTUGGGGGAGUTGUUCUCCGGUGGUGGCCGUTGGCCGGGCTTGCCG',08/03/2017
187,'GGCGGTGACCCTCCGGGCCGCCGCGGGCGCAGGGCGCUCTGAGGGGGGGCGTCAUCGAGGGGGGGCGGCCCCGGGCGCGCUGGCCGUUUGCGGGGGGGGG',10/29/2017
188,'CGGGGGGGUGTGCUCCUCGGGCCAUUCCGGUAGCTGCGGGGAGGGGGGGGGGCAGCAGGGCUUGGAGGCUGUGGGCUUCTCGCUCGGGGCCTCGGGUGGC',2/22/2017
189,'GCUCCCGGGCGTGAGCCGGUGGCCCGCUCCCUGCCCCGGGCAUGAUGCGCUUCGGGGAAGATGCCGCGGGTGGCCGGGGGAGACCAGGGGUUGGGCGGGG',3/23/2017
190,'TUGCGGGCGTAGGUCCGGCGGGTCCGCGUCGGGAUCGUGGGCGGUCUUCGGGGGTUUGAGGCGCCGGGUCGGCUCAGACGCGGCCUCATGCGTCCGTUGG',1/15/2018
191,'CCGUUCCCGAGGGCCATGUAUCCGAAATGCGAUGGGGUGGGTGGGGTGUGGGUCCUUGGGCTUGGGGGGCGGGGUUGGUGCCUGGCGCCCGGGAGGGGGU',3/28/2017
192,'GUGGCGUGGCUGACCGGUGGCCGGCGGAGGGUGAGGUUCCUCGGGCGUGGCGGGGTCUACGGTCCCCAGCGCGGTGGGCGGGGCTGUGUCTCUCCGTCGG',04/11/2017
193,'GACACCGCTCGUGGCGUCUCGGCAGCGAGGGGGTGCGCCGGGGGGGUGCGGCGGCGAGGGCGGGAGGGGGGCCCGCGUGCGGGCUUUGCGTGCCGCTCCG',8/29/2017
194,'TCGCCGCCCGGUCGGGGGCGGGGGCGCTUGGTTGAUUTGCTTCGCTGGUUGGGGGGGGTGAGTGCCGCGGGCCUCGGGCGGGGGCGGGGCCGCCGAUCCG',04/04/2017
195,'ACCGTCAGUCTGCGGCGACCGGCGGGGUCCGGAGGGCGGAGTGCUUCCGAUUCGGCCGTGUGAGGATGGGCGCGGAGAGGGCGAUGCGTAGGGTGCCUGT',11/24/2017
196,'ATGGGTGUGGCCGTUGGUUCGAGCGCCGGUCGCGGCGUCGGGGCUGGGGGUAGGGCUGGGUUGCGTUGUGCCGGAGCCUCGGGGGUCGCCGGGCGGGGTG',01/02/2018
197,'CGGUGGCGAUCCGGCCCGGCGCCCGGTCGGUCGGCUCCCGGGCGTGGGTGCCGCGUGCCATGCCCGUUCUGGUCGGAGGGCCCGTGGUGCCGGGGGTUCU',5/27/2017
198,'ACGGAGGGCGGGGCCCATGUCCUAUGGCUGGUCCCGGGTACCUCGCGUCGGGGCGAUGGGGUUCGGGGGGGGGCGGGUGGGGGGUCUGCAUGGCGCCUCG',5/25/2017
199,'GTCGCAGGACTCGACTUCTUGTGGTGUGGCGCCGAUGACACGCGGCCGCUGUGCGGUGCCGGGTGGCAUGUTAGGCGUGTGUGUGUGGGGGGCTUGAGCC',12/19/2017
200,'GGGGCGUCGCGUTTGGGCCCGAGACGUGGGGGGGUCGGGGUGGGUGUGGCGGUCCCUUGTGCCGCGCACACGCTGGGGGUGGGCCUCCGGUGCCGTGGCG',12/24/2017
201,'GUGUGCGUACCUACTUGTTCGGTGGCTGGGGGGGCCGCGGGGGGTGGGCUAGCGCGTUUGCGGGGGAGGGUGGATGGUACUGUTUUTUAGCGGTGGCGGG',7/15/2017
202,'CUUGGUCAGCCGTGUGGGTAGATGGGGUGGAGCGGUCGGCUACCGGAGGCUTACGAUUGGCGGUGGCGGGUUGUTGGCCCGGCCCUUCTCCGAGGGAGGG',06/07/2017
203,'GGCGGCUGCCGGUGUTGGGCGGGGGGGGGCGCGGCGGCTGGGUGGGGGCGGUGGCGGGUAUCUTGGATTGAGGGCCGGGTGGCGUTGTCUCTTGGCGGCG',11/23/2017
204,'UUGCGGGGCGUGCGCGGGGACGGCGGCGCTGGGGGGGCGCGUGGGAGUCGGGGGAGCGGGGUGCGTTTGCGGTCGGUAGTGCUCTGUGGUTGAUTAGGTG',8/28/2017
205,'GCCUUTGCAUUUCGGCUGGGCATCUGCGGUGCGCGGGGCCCGGGUUGGGGTGCGGCGTUGCGGGGGGGCGUGTGUCCCUUCCGAGGCCUGGUGCCUGCGA',8/26/2017
206,'CTGTGCCCCCGGCGGCCUGGCCCGGUCGGGGCUGCGGGGCGCGGGGGGGCCGACGCGGGGAAGUGGGGGCCCGGGGUGGGGUGGCGGGGCCGUGTCGGGG',7/24/2017
207,'UCCCGGGUCCGGTGCGCGCGUGCGTCCGCUCCGGAGCGGGCCGGGGGGCUGGCCUAUGGGGGUGGCCGCCGGGGGGGGAGTGUCCUGCCGTCGUCGCGGA',1/23/2018
208,'TGCAUAGGGGUTGCGCCGGTGGCCGGCTCGGCCUCCTCGGUCGGGTGGUGUTUGUUCAGUGGUCGCAGAGUGUGGCAGTGGCCCGACACGCGUGCUGUGG',8/22/2017
209,'GCGTAUUGCGGGGGTCGTACGGGTGUCGCGUUGGUUGGGGGTUGTCCGGCGGCTTCGGGGGCUGGGGTGCCUAGCGCUUAUTGGCCCCGACAGCGGCGUG',02/04/2018
210,'GUCCCUCGGATGUGGGGGAGCCTGTGGGCGUACCGUCCUGCUCGCCACUCGCUGGUCGCUCGCGAGACGCGGGACGGGGGTGUGGUGGGUCGUAGTGCCU',1/26/2018
211,'GGUCUGGUCCUCUGCGGAGGCGAGGGGGUTGAGGATGGCCCGCUGGUGUGGGGGGCCTGGGAUCGTUUCGUCUTAGGCGGTTUGGACTGGGGCGUAGTCC',5/28/2017
212,'CGGCAGTGGGGGAUGCCCGGGGGGUGCGGGGGGCUUCCAGGCGUGGGGCGCCGUGCGGGGCGGCGUGGGCCGGCGGGGGUCGGCCGGCCGGUGGGGGCCA',5/15/2017
213,'GAGGCACUGGTCAGGGCCAGGGGUGGCACAGCGGGUGUGCCCGGGGGTCCGCTUGAGGGGCGCTTCGCUUGUGCGCCCGGGGUGCCCGGUGGACTGGAAG',6/27/2017
214,'GCGCGUUGGCCCGGTGGCUGGUGTGGGCCUGGGGUGGUUTGUGCGGGCCCCUCGGGGGGGGGATCUGGUCGGTGGGCGCGGGGAGGCGCCGGCUGAGCUC',8/14/2017
215,'UCGUAUCGGGGGUGGGUGGGCCTCCCGGGGCUGCGCUUCGCUATCGTGGGCGTAGGCCGCGGGGAACCAGUGGGTTGGCGUUTCCUUAGCGAACUGGGGG',3/22/2017
216,'CGGACCGGCGTGCAGGCUCCCCGUCCGCGGGGCGCGGGGGAGUCUAGCGGGCGGCCGGCGGGTGGGGGGGGTGAUCGGGGAGCGCGGCGCGGCGAGGGGU',09/10/2017
217,'GACGTCGACCGUCTGUCGGUCGUGGGCGGCTCCCGCGGGGGGUCGGUGCCGGCTGGGTGUGGCAGAGCGGCCGCGUUGGGGGACGGUCGGCCGGGGGUGU',05/09/2017
218,'GCGGUGUGTGGCTGGACGUCCGGAGTGGGGCGGTUGTGGCCGGUGGUGCGCGGGTCGACGGGUTCGGUCUTTGGCCGTCGUUGGGCACGGAGGUGUGGTG',6/22/2017
219,'GGCUAUUGTCTGUCCUCCGCUGUAGCCCGGUUCGTGGGCGGGGGGCUCGGGCGGAGAGGCUGGGGGGGCTCGGGUGACTAUCCAGGGGUGGGCGGUUUGU',3/13/2017
220,'CGACCGCGGTGTGACGGTGGGGGGGGCCUGUGGGUTGGCUUAGCGCGUGGUCGGTGUCCGGUGGCGGGGGCCTGGGUCUCGGGGUUGGUACAUGCGACGC',10/26/2017
221,'TGCCCGUUAGCGGCGGCUGGAGGGAGGCAGGGGUGGGCCGGGCGCGGCCGCCGGCCCGGGGGCCGUGUGGGCUCGUACGGGCGTCGGUGCGGUUGCAGUA',02/04/2018
222,'GTGGTGGGCGGUCGCUGCCGCTGACTCAACCGGUCGGGUCGCGGCGCAGGGGGGGGGUUCATTAGGUTUGGTUGGAAGCGGGGCCGCUGGGCGGUGCUUG',2/26/2017
223,'CGGGCTAUGCUGGGACTGCGGGUTGAACCGCGCGCGCACUCCUCCTCGCGUCCCGCTGCAGUCCGCGGGTCCGGGGAGACGUCUGGGGTAUGGTGGGCGG',04/03/2017
224,'GCCATCGCCCGUUCTGCCGGCGGTAGGCCCGTAGGCCGCGCCUGGTCGCCCGGCACGGGGGATGGACGUAGCGGCUGCUGGGUGTGCTGUTGCGGCGCGT',02/04/2018
225,'UGTCCGGGGCUCAGTAAGCGGGGGGCCGTGGGGAGACCGGGTGTCTTGCCCGGGUUGGGGCGUCGUGUAGCCGGUCGCGGCCGAGGGCGGGGCCGGTGGC',5/22/2017
226,'GCCGCGCUAGCCCGCCGGCCTGGUTGGGCCGCGUGGGCUGCGGGUGGGGGCUGGUCGCGUGCCGGGGCGCCCGCTCUGGGACGUCGUGAGCCGGCCCGAG',6/15/2017
227,'CGCCGCGUACGACTACGUGUGUUCGGAGCGUGGCCCTCUCCCGUGTGCCACCGUGGCGGGCGGGUGGCCGGGCACGGCCUCAGACGGGCGGCCTGGGGGG',12/08/2017
228,'UUGCCGTGGGGAUGCGGGUUGAAGCCGCGCCCCGCCGGGCGGCUGGUCATTGGGGUGGGGCGCCCGGGGTUGGCCCGAGCACCGGCCGCTCGUGAAGCGC',8/27/2017
229,'ACGCCGCCGGGUUGUAUGCGGGCCTGGGGUUGGCGUGGGUGGTACGGCGAGCGGCGGCGTGAAGGAGGCGGGGAGGCCCGCGCCGCGCGGCGCGUCGCGU',03/11/2017
230,'GGGCGGACGCUTUGCGCGGGCGCCGCTCUCCGGGGUCGGAGGGCCCCCGAGCGGCCGCCCAAGGCUGGGGGCGCGGGCTCCUCCCGCGTUGAGGCCCUUG',9/30/2017
231,'CCACUUGGGTCGGGAGCCACGCGGGGUGCCGTTTACGGGGGUGGGGGGGTTCGCACGCUAGTAGGUGTCUCGACGGGGUGUAACGGCGGCGCUGCUGGAG',2/26/2017
232,'GGAAGCCGCCCGAAGUCGCCCGUGUGCGAGAGAGCCGCUGGCACUCCGUGGGGGGCGCCGGGUGGGCAATGTGGCCACGUGGGGGGCCCGCCTAGGGUUG',10/24/2017
233,'CCCCUCGCGUGGGGGAGGCAGGCGGCGCUGTCCGGGCGUCTGCUCGCTGGTUUGGGCUGGCGUGGCCGCGGGUGUGGCGCGCTGTCGCGCCTUUGUGGGU',1/21/2018
234,'CAGTUAGCGCCGGGGGGUGGGGGGAGGTCGUGGGCGGGCGGTGGCGCGTGGUGGGACUTGAGGGGGUGCCGGCTGCACGGCGGCCGUCACGUGGATGCGG',05/09/2017
235,'UGAUGGGCUGTGGGCCCGATTCUCUGGCGCCCCCGGGGAAUGGGGGCUGUCGCUCGGGGCTCCGGGGUACGCGUGGCGCTUCGGGGGCGTCCGGCGGGAG',6/27/2017
236,'GUGGAAGGGCTGAGCCGCAUGGCCCGAGGGCCTCCCGGGGGGGGGUAGUTGUUGAGGUCCCGGGGGUGGGGUTGGGGGCGCGGTACCGGAUGTGGAGGGG',06/06/2017
237,'AGGGGAGGCGGGUCGGGGGTACACGGGGGGUTGUGTGTGGAAGGUGUTCACCGCGGTCGGGACCCTTGGCGCCGGGUGGUAAGGGCTGGUCUGGUCAGCG',4/24/2017
238,'CUGCUGGGUGGCCTGGUGGUCGCGTAGGGUGGCCUUGGGUTGGGGGGGGGUGGTCGTGGCTUGCGCGCGGGGUTGGCGGGGTGCGGCGCGGGGGCUGTUC',7/13/2017
239,'GGGTUGTUAGACUGGUGTUTGGUCCTGTCGGGUGCGGGGAGGGGCGGGGGGTCGGAUUCTGGGGUGGUGGGGGCAGCGTGGGGCUCGCUGGGCCCCUGCG',5/27/2017
240,'GTGUCGGAGGGGGUGGGGGUCCCTCGGCCGGCGCGGGGGTCTGGUGCGTUAGGUAGUCTAGGGGGGCGGGGGGGCUACGGCGCGGAGTUGGUCGCUUCGG',8/27/2017
241,'GCCGGGGCGUGCACUUGCAUGGUCCGCUGUGAGGGGUUTGCGGGTGCGUUGCGAGAGGGCCGCTCAAGTGGGGTGTAGGUGGCGGGGGCCCGCCGCUGGC',4/13/2017
242,'GGCGGGGGGCUAGUGGCCGGGCAGUUCGUUCGGGGGGGCGUUCUGGGGCGCAAGGGAAGGGGGGGCAGUCGCGGGGGCGGAGUCGGACACCGGGGGUGGC',05/10/2017
243,'GGGUGCUGGGUGUGGUUCCGACUGCGGGGUUUGGAAGGUCTGCGTTGGGGCGGCGGCGGGGUCCGUGGGGTCGTGGCGGGGUGCUGGGGGUAGAGGCGUG',11/18/2017
244,'CGCCGGCUGGGGCGCGCUCCTCTGAGACCGGUGUGGCCGUCCCCCAGCGCGTTGGCGCCCGGUGGAGCGCGGGCGGGCGGGUUGGGCUCCCGTCCGGGGG',6/16/2017
245,'GUGGGGGGGGCUGCGCGGGUTGCGGGCUCGGCGCGACGGACCGGTCAGCUCGCGCCCGGGCUCGGGUGAGUGGCCGGGGCCGUCGTGCCGGGGCCTCGGA',11/07/2017
246,'GGACGGTGCGAGGGCUCTAUGGGGCGGGGUTUGAUCGACGGCGGTGGGUGGGCCCGGCCCGGGGAGCCGGUGGAGAACUGCGTGCCTCCGGCUGGGGUAC',8/18/2017
247,'GCCGCCGGGGGGUGCCCUUGUGGCTGCUGUCGCCGUGGGGGUACCCGUCGUGUCTGGGGGCCGGGGAAGCGCGUGCCGGCGUGCUAUTCTGAGGUTCUGC',5/23/2017
248,'GGGGGUGGGGGCGGGGGCTGGTCGTACGCGCCCGGGCACGCGGCGCUUTUGUGGCCGGUCGCGCCGGGGGCGUCGTATCGGCGGCGGGGTCUGCTGGGUC',10/13/2017
249,'UCGCGCGGGGAGTTGGUCGTGGGGUGGUGGCGGUGCCUGGGGCGUCGGGUGGCGGGGGAGCGCGCGUCGGGTGTCCGCCGGCGGGGGGCCGGGGCCCUGC',09/09/2017
250,'TUGTUGGGTCGGCGGGCGAGGGGGUCUCTGCGAGGUGATGGGCGGGUCGGGAUGCCGGGCTGGGCCCUAGGAGGCGCGGACGGTGUCACGGGGGGGCCGG',10/28/2017
251,'UAGCGGGGGUUCUUCCGCGCAUGUAGCGCGGGCGGGGAGGCGCGGCGUCCGTGUGCCUGGCGGCCGCCGGUGGCCGGGUGUGGGGCAGGGAGGUGUCUGT',04/05/2017
252,'GGACGCAGCGGCGGCGGCUGGUCGGUGGGUGGCGAGGGGGUGTCCUGGGGUGCUUACTCCUGGGGGAAUUUAATCCGGUUCUGGGCTCGGCTCGGGCATC',03/06/2017
253,'GCUGCGCUGGTUGGCGTGCGCGCCGGGGUGTGGGGGUCGGGGCGGCGCCGUUCUUGCGGCCGUCAGGGGAAGGGCTGTTCCGUAGCCUGGGUUTCUCUCG',11/07/2017
254,'GCACGCUGGGGGGGGGGCCCGGGUACGAGGCCCAUGGUTCGUAGCCGUGGUGGCGCGCTCCUUUCUAGGGCGGGUGCACCGTUGCCCTGTAGUGUGCGCG',02/07/2018
255,'GUGAGGGGCGCAGCGCGCCCUTGGGGGGGGCCGCGCCCGAGCGTCCGGGGCTGGGUCAGGUGCTGGCUTCGGACGCAGCTGGGCGGGTGCGGGGGGGGGG',9/19/2017
256,'GGGGCCGCUGCTUGTCGGGUUGUCGCTGGGGCCUCGCTTTGGGGUGACCGGTTCGCGUUCGGCGGTGUGCUGGGGUGUGGCCGCGCGUGGCAGGGCTAAU',9/29/2017
257,'GCCUUAUUGTGGGGAGGCGCGGGCGGUCGGGCCGAGUUAGCGGUGGGGTGGGUCGGCUGCUGUCUGCGCTACCCGTGCGGCUGGGUAGGCGGGAUCGAAU',04/09/2017
258,'ATUGTGGCUCUGGGGUGGUUGTUCGGCAGGUGGGCGUGTGUGGCGGGGGGGGUGUGGUGGTGUGGGGCGCGCGUCGGTGCGGCGCCGUGAGCGUGGGCTG',7/22/2017
259,'GAGGCUTGGUCCGCACGUCGGGGCGCGGCGGGCCCCGGACGUUGCCCGUGACCUGGCCCCCGAUGUACCGGCGUGTCAGCUGUTGCUCGCGCCGGACGCG',12/27/2017
260,'GGUGGCGCGCGTCUUGCGGCGUGTGTGGGCUTTGGGGGCUTCGCGCCGGGCAUGUUCCGCUGTCAUGGUCGGGGGCUUCCGUCCCGGGCATCAGCUUUGG',05/01/2017
261,'GTGGGGGUGAGCGGCGGCUUGCCGCCGGCGGCGCGGCGGGGGTAGCCGCGGGGGGCGGTCAGTGCTCGGUCGGCTGCGCCCGGGGGGGCUUUAGGGCCCT',5/17/2017
262,'GCCCCCUGCGGGUGUACGCUAUCGCCGGGGGCGATGGGTCUUCGGCGTGUCGCCCGGGGAUACUUCUCGCGGGGTGAUGGCCGCTGGGGGCGGGCTGGGG',1/21/2018
263,'GGCUTGGGGGGAGCGGCGGGGCGCGGGUCTGGUCGGGGACACCGCUGGGGCGGTGGCGGCCCCAGGGCGGGGAGGGGGCGGGUGGGAUACGCCTGGGGUG',4/21/2017
264,'GGGGTGCGGAGCCGGGGGGGCGGGGGGGCCACGGUCGTCUGGGUCCCACUCGCTGCGCCCUGCCCUGCCCUUGGGGGGGGGAUGGAGUGGUGCTGGTGTC',5/31/2017
265,'GGGCCGCGGCGCCTCGCGGGTGUUCCTUGTACGGGGGGGGUCCCGUGGAGGGGGCCCGGCCGTGGGGCCCGGGGGGACCCGGCCGCGCUGGGCUGCCATC',12/09/2017
266,'CCCGGGGACGCUAGTGGGGACGGCCACUGGGGAGAGGUCCGGGACGAGAUUGUGCGGCGGGGGGAGGGCGTGGGGTCTGCGGGGGAGUCTAGUCUCCGUG',8/21/2017
267,'CAUGGUGAACUCGUGGCUUGACGGTGGUTTGCTGTGGGCUCGCCGUGGGGGUGUCCCGTTCCTCGGGGCTGGGUCGGCGUUCCGCGGUGGGGGGTACCUG',02/03/2018
268,'CGCCGTGGGGACCGGAACGCGGGACGUGUGGGGCUGGAAUGUGACCGUGGUGGGGGGGGCGCGGCUGGGCUGGUGCCGCGCGGGGUGTCTGGGCCGCCCT',12/19/2017
269,'CUGCGCGCGACUCCGTGCGCUGGCTAUGGGCGGGGGCGGGGGGGGGUCGUCCCGGGGCCGAGACCGUUAGCCGGUGGUUCCUGACGUUCUGCTUCUUGCG',9/18/2017
270,'AGCGGGCGTGCACGGGGGAUAGGGAAGCAGUUCGCGGCCGGCCCGCGGCGGGUUGGAAGCCCUCGGCAGCGGGCGGGCGUCUGCCGGCGATGGCCGCTGC',9/22/2017
271,'GCCTTUCCTGGGGGGGGGCCCGCCGUGGCCCGTGGGCGUCCCAGCUCGGGAGCCGGCCGGGCTUAAGGGCCGGTCAGAGACGCGGCGGGCGGCGTCCGGG',11/11/2017
272,'GGCGGGTGUGGUGUCGUGCCGCGUUCCGGCCCGCUCCGGGAUCGCGUUGGGGCTUGTCGGCGGGGCGTCGCGGGCCAUGGCCGUGGGGGGUCCGTUGGGC',8/28/2017
273,'GGGGTCGCCGGCGGGGGGGCUCCGGGGGCCGGGGGCGCGCCGGUGUCTGAGGAGGUCUACGGGGGGGCGUUGGGGGUGGGCCGCGAGGGCGCUGGGATUC',06/12/2017
274,'GGUGUCGGGCGGGGGCGGGCGGGCAUGCGCCGACGTGCCGGGAGUCCGGCGTCGGCUGTUGCGGGCGGCGGTCGUGCCGGCGGGGCCCAACGGGGUTUGC',4/28/2017
275,'GGGGCGGCTGGGGUUCGGACCAGGGGGCCUCGGGGCCGGUGGTTGTGCTGGCCGGUTCTCUCGGGTGGCGCTGAGUGTCAGGCGGGGGGGGTGGGUGCGC',09/03/2017
276,'GCGGTTGGACCGTCGGGGUGGCGAUCGTCACCCGGGTGGGCAUGGGGGCUCCAGGUTGCTCUGGGAUUCGCCCGGCAGUCGGAGGUTGAGGAGAGGCCGG',12/14/2017
277,'TAUCGUTTCGGAGCGUGGGCGTGUGCAUGGGGCGACUGGGUGGGGTCGTTGGTACGCGCGGAGUCUUGAGGGGGUGGUCCACCGGGCGGGUCGGUGCAGC',04/10/2017
278,'CGGUGCGTUUGATGGGGGTGAGGCGCTGGUCGTAGGGGCGGGGGCGAGACAGAGCGGCGGTGUCCTGCGCUGGAGCUUCGGUGGGGGGGGGGGUUUTGGG',03/08/2017
279,'CGGCGTCGGGCGUCCUCCCGTGTCCCGCCGGGGUGTUGCCUAGGGCGGGGGGGGCAGGAUUGCCCGUCCCGGGCCGGCGGTGGUGGGAGGCGCUCGCCCG',05/02/2017
280,'GGAUGGGCGTTGACCGGGUGGTCGGGGCGGGCTGACTGGGGCGGGGAGGGCTUGUCUTGGCGCGCTUCCCGGGUGUGTCGTGGUCGGAGTGGUCUGGAGG',10/15/2017
281,'GGTGGCGGGGGAUGGGUCUGGGTGCUCGCCGGCCTUCUGCACGCGAUACUGUGCGTGTGAGAUTGUUGCGGCGGCUGGGACCUUTTGUGTCGGGGGUCUG',5/21/2017
282,'CTGTCTCCAUUGUCCGGGGGCUGUGAGTUUTGCCGTCGGGGUGCGGGGCCGGCCGUCCGCGGGGUCGGCAGGCCGTATAGUCTAUGGGCGCCGGTGGTGT',09/05/2017
283,'UGTGGCGGGACGGCGCGCGCCGAGGCCGGGGTAGUUGCGCGGAUGGGGUCCCGGGUUGGGGGUCGCUGCGGGGUCAGCGTTGCGCUGUGACAGCGUGACG',10/18/2017
284,'GGGGGGUGGUCGCUGUGGGUTTGCATGCGUTGGGGACGCGCGGGGTUUGUCCCUCGGUGTCGTCAGGGCGGGUGCGGCACCCGUCUGCGGGGGGGGCGGG',04/06/2017
285,'GCGCGGTCUGCUUTGGGGGGTGUGUAGGUGTGGAUGGCUGGGGTGCGGGTGCCUUCGCGGGGGAGCGCGGUCCGUCUUCGUCAGCGGUGUGCGTUGTTGC',5/26/2017
286,'CCGCCCGCGCTTGGUCGCCGTACAUGGGGGGGCCUCGACTGCCGUCGGGUGTCGGGAGCCGGGGUCCGGGGGUTCGGGCCCCUGGGUGCUCCGTCUGGGG',02/12/2017
287,'CUGUCCACGCAGGGGGGGCAGCAGCGCGGGGUCAGGGCCCACGGGUCGGUGGCUAGGGTGCAGCCUAGGGGCCGGAGGCGUGGCGCGGTCGGGGAGUCGG',02/07/2018
288,'TUGGGUGUCGGAGGGACTGTCCTUCUGGGGGCGGGCCGACGGGCGGGGGUUCUACGGGGTGTCTUTACCGUGGGCGUGUUCACCCUGCGGAGGUCCGGTG',09/08/2017
289,'GGUGGGUCGCUGUCCGGGCGGGCCGCCUGUGTGCGTGTCGGGCUCAAGGAGGCGUCCGGCGGGGCCGCCUGGGUUGGGGUTGGCGUGGGGCCUGUUACCG',12/06/2017
290,'UAGGGCGGGGGUGCCCCGGAGCACAAGGGCAUGTGGGTGCGGGCCACACGTUGGGUGGCCGGCTGGTUGCCGGGCGUTUGGAGAGGCGGGGGCUAGGGUT',5/30/2017
291,'GGGGCGTCGCAAATGCCGGGGCCGUGGGUGGGGGGGCGTUCGGCUUTGCUGGCGGCCCGCTGGTCGGUGGCGCCCGGUUGGUGGGTGGGGACGGGGGGAC',04/02/2017
292,'GGGGGUCCGGGCAGGAAGUTGGGAGCUGGCGGGGTGGUUGGCGGUUACGGCGUTGCCGUGGAAGTGGUCGGGGGGGACGGUCGGUGGGGCUUUGACGUGU',03/05/2017
293,'GGGUCAUGGCCGGUCGGGGGUGGGCGCGGCGGGTCGUGGATGGGACGGTGGUCGCGAGUUUUGTGGGUGUGGGCGGCGCGAGGGGCCCGUTCCCUTTGGC',10/09/2017
294,'GGUGGUCTGCCGGTGCCCGGGGATGGCGCCGAGUTGCCTGGGGCGUGUGACGCGCUCGTAGCTCGAGGCGCGGGUUCGAUCGGGGGCGGCAGGCUGTGAC',02/08/2017
295,'UGTGUCTTGGCCGCGCCCCCCCGCUGGTACGCCCGGGGCGGGGUCTCGAGACGCGCGUGTGGCGAGUGUUGAUGCGUCCCUCGCAAGGAGCAUAGGCCGU',01/12/2018
296,'TAGGGGTCCGCCAGUGGCGUCUGCUUCGGUUTCGCGCUGGGCGGCGGUTUUGCGGGUCCCGUGTAGCGGGTCGGTAUGCTCGCACGGGUUGTCCGUGUGG',10/01/2017
297,'GGGGTCGCCGUCAGGGCGAGTACUGUUGTGCGUGUGGCGAGTAAGGGGCGCUGGCGGTGCGTCTCCCACGGGUGGUGGTUGUGGGTCCGGUCGGTACCGG',7/23/2017
298,'TTGCGGGGGGGAGCAGGACGCCGGGGGUCGCGGAGCCUGGCGGGGCCTGCCTTGGACUGGCGGUCGGCCGCTGCGGCUGGGGTGGAGTGCGUCTGCCGCG',03/09/2017
299,'CCGAGGCGUAGAUGGGTGGTUUCCGCCGTGCGGCUCGUUCUCGGGCGGGGGGAGGGAGGGGUCTAUTGGUGUCCGCGGGCGGGAGUCUCCGGGAGGCACG',12/10/2017
300,'UAGGGAGCGGUUUGCGGCCGGGGCAGGGGGCATGTUUGGGAAGGUGGCCUTCCGCGGGUGCCTGCGGGGGGGGGTGTUTGCGGGGGGCAGCGGTGAUCCG',03/04/2017
301,'CGCUTGGCGGCCGCUGGCUGGGGGGGCUUUCAGGCGGCCGGGUGCGCGCGGTGGCGGGGCUUGTGUCUGGCCGCCTGUUCGCGCGTGGGGCUCGGGGCGG',02/11/2017
302,'CGGCGTGGUGGCUTCTUGGGGGAGGUAGGGCAGGGGCTGATACGGGGGUUGGGUUUCCUUGGTGGUGGGCUCCGUGGUGUCGGUTGGGGUCUGGGGCCTG',10/21/2017
303,'GGGGUGGCUGUGGGCCCCGUGGUGCGGUUGGGGUGCAGGGGGUCGGGCGGGGGGGCTGGTGGGGCCGGGGGUCUGCUGCGGGGGGTGAGGGCGGCGGCCG',05/11/2017
304,'AGCUGCCCGGAGTAGGCGCGCGCGTGGGUCGCTCGTAGTGTCCGGATCGUGCCCCUTCCGCGGGUGCGGGGGCCGAGGGGGGCGUCGCGGGTGCGGAGCG',1/27/2018
305,'UUGAGGTGGCTGGCGUUCGGCCGCTCGUGGCGGCGGGCGCGGCUGTAUUGUACCGGCGTGGGCCUGGGGGGGGCTGGCCTGUGCCGAGUGACUGUGCCGG',12/17/2017
306,'GGGCGCGGUGUUUUCGCUUCCUGUUAGGCTUGAGTCUGGGGUGGGTUCGTACGGCAGUCGGCGGGAGGGCUGGCTATCCGAUCUGUGGGGCCCATCGAGC',12/04/2017
307,'UAGGUCUGUGUUGGGGCGGGUCCCAGUCGGUGTCCCGGGTTGGGCGCCCCCCGGGCTGCTCTGTCGGGGGCCGCCGGCCCCGCGUGGTUGUGGGCGUGTU',05/09/2017
308,'GGGAAGCGGACGGCCGGCGUCAGGUGCAGGGAUGAGUUUUGCCGGGTGGTUGGGUCGGUGGGTGUGAGCUCUUUTGUUGAGUGTGGTGCCGATGGUCGGC',7/16/2017
309,'GUGCTCGGGGGGUGGGGGACGGUGCGGGGGGUGUTUUCGGGGGTUUGCCTCCGGGUUGACAGGTGUUGCGGGUCGCTGGCGGGGUGGCCGUUGGCGGCGU',8/13/2017
310,'GUCCGAGGCGGGAGCGGGGGCCGTCGGGCGCGGGAGGGCGGCGCGGTUCCATGGCUGGAGUGGGGUGCGGGCGGGTUGGGCUGUGCGGGGUGUGGGCGUU',10/18/2017
311,'CCGGGTUUGGGGUGGGUGGGGGCGGCGGGAGGGGGAGCGGCGGGCCATGCGGCGGCGGGCUGCGCUTCTGGGCGGGCUGGGGGGGCGUGUUGCGGCGCGG',5/28/2017
312,'TGUUGCGCUTCCCTGCAGGGGGUGCGAGCGGGGCGCAGCGGGUGCUCAGGAUUGGGCTCGCCGGGGGCAGGUCACCCGAGGCGGCCCGGGCGCTGGGGCT',10/05/2017
313,'GGCGGTGGTCUGUCTGCCCGUGTCTGGCUACUGUCCGCGCGAGGGGUCGCGCCGGGGUGGCTGGCGGCAGCGCGUGGGCGGAUGTCCGAGCCGTGAAGGG',09/02/2017
314,'GGGGCCCGGGGUCGGGGCTGGGUGGGGGGCGUACCCGCGCUGGUGGGUGUGCGGGGTCGGCGCGCCGAGUGGGTGCGCCGGGAGTUUGTGGCTGAGGGGG',8/29/2017
315,'UAGCTCGTCGGUACTGGGGGTGUCGGUCGCGATGGCGGGAGGGGGGGCCGACGCGCGUUGGCAGCACCGGGGGCGCCCGGTGGGGGGCGGCTCGGGCCGG',04/05/2017
316,'CGCGCCGGAGGCGGGGUGGTUGGGCGGGTCCTCGUUGCGCGGGUGCUCGCUCGUGGGGGTCCCGUCTCCTGCCGCGCGGGGGGCCUGGGCCTGCGGGAGU',02/01/2018
317,'UGCGCGGCCCTUUAGGGUGCGCCCAUTGCUGUACGCGGCGCCAUGGGGGCGGCCCGGTGGGGGAUCUGCGUGCGCGGCTUGGGUGGUGAGCUGCGGTCCT',1/28/2018
318,'CUGGTCGGCGGUGGAGUGGUGGAUUTGCGGCCAGGGGTAGGCCCGCGUGCUUGGCGAUGUGGGUCCGGGUCUCGGCCTGGTGGCTUGGGCGCGGGUAGGG',12/12/2017
319,'GCUGGGGCUGGCUACGCACGGCGCACCUCGGTCGGGGTCUGTAACCGCCCCCGTGGGGGGCGGCCCATUUTCGGCAGGCCCUGCAGUTGGCGCGCGACUC',04/10/2017
320,'GGGUGCACCCGUCGGGGGCGGGUGCCGCGAGCACGGGGGGUCUUCUGCGUAGGGCCGGGGUCCGGGGGGGGGGUCCGGGGGGCCUTGUGUCUCCAUGGGG',7/30/2017
321,'CUUUGGAUCGCCUCGCGGCGAGGGGACCGUCGGAGCGGTGCGGGGCATCAGGGUGCGCGGUGUGCTCCGTGUGGGGCGAGCCGCGGCGAUCTCGGCCCGA',11/06/2017
322,'GGGCCCGCGGUGCGCCCCGGGGTCUGGAUGCGUGGGTGGGGGGCGGTGCCCGUGCGUUCGGGTGCGGTGCGCCGGUGGUCTTAUGGGUUUCUCGUGGGGG',8/26/2017
323,'GUCGGGUGCATGGGUGGCUGGCGGGGCACCGUUUAUGGGAGGCGUCCGTTGGGCTTUGCGGGGCUCGGCUGTCCGTGCGGCCGCGGCCGCUGCGCGGUGG',10/17/2017
324,'TGACTGGGGUCTGGTCUGUGGGGUGGAGTGCGGCGGCCCGCAUGAGGGCCGGGGGCGUGGTUGAGGGCGCTGUGTCGGGUGUTCGCUGGCGCGACCGGCG',6/26/2017
325,'CGGTUUCGGTCUGGGGGUGCGGCCUGCGCGGCUGGCGAUGGGGCUGATGUCCCGUCGUTCGCUCGTGGGGUGGTGGATGCCAGCCGCGGCCGGGGGGGGG',05/09/2017
326,'GGCCGCCCGGCTGGGUGACGCGCGUGCCACCTGUGGGGCGGGGAGGTGGGGGUGGCCGGUCUCGAGGCGGGCGGCCGGGCGCCUCGTGCUUGGGGCGGCG',8/31/2017
327,'GCUUCGUUGGGGGATGGTCAGGGCAGGGGUTCCGGUGCGGUTUTCUGUGCGUCGGGGGUUGCCAGGGGGGGCUCCGACGUGGGGUGGAGGGCGCGTCGGG',2/25/2017
328,'ACCUCGGCGGUGGGGUACUGGUCGGUGGAUGGACGCGCUCTUUCGGGGUGCCAGGGTGGGTGCTCUUCGUGCGUGGUTCGCCUGCGGGGCGGUGGGGGGG',04/02/2017
329,'GGUUGGCTAUCGGGGGCGGAGCUUTACGUGGGCTGGGGUUTCAGCGTGGCGGCGGCGGGCCGUGGGGTTCTCACGAGAGGUCGGGGGGACGCGTACGCGG',5/25/2017
330,'GGGGGUTTCCGCCGCGUTCAUUGCGGTUGGCACGGGGUCGGGGUUACGGUGUTTAGGCTGGUGUACGGGCAGCAUGCGUTGCCGCAGTGUGGAATGAGGG',02/05/2018
331,'CUGGUGGGGCAGGGUUGCGGGCCGUGGCUGCGGCCGCGCCGGUGCUGGGGGAGGGGCGGUGCCCTGUCGGGAGUCGGGAGTGCUUAUUGGGGGGAGTUGC',8/24/2017
332,'GGATGCUGTGGGGUATGCCUGGCCGGCGGAUGCGGCCGCUAGUCUTGGTGGCUGGGCGGCGTUGTGUACGUCUUCUTUGCTGTGGUUGCCGGGGCCTGGG',10/06/2017
333,'GUCTUGGGGGCTGGCGCGCCUUUAGUGCGAGTACCCGGACCTAGCTUGCGCGGCGGGUUUCGCAGGGACGCCGCGUGCCGGGCGAGUUGGUGAGGGGCCG',6/20/2017
334,'GGUCTGCTGGGCGACUGGCUCCUGGUCGCGAGCGGGCCCGAGGUTACGUGCGUGTAAAGGGTGGGGTCCACGCCACUTGGGGCCUGGGCUCUCGCGTGGG',1/22/2018
335,'GTGGGGCGGCGGUTGCCCTCCCCACTAGGGCGUCGTUGGTAGCCGUGCGGGGGCGGCCGGGAUGTGUGGTGACGGGCCGCGGGCGUGUUGGGTCGUGCUG',2/24/2017
336,'CGGUCGGUTGCTGACCGUGAGUUUTACGGUGGCAGCGGATCGAGGGCGGCGCCGGAGAGTGCGUGAAAGGTCTUCCCAGCGGGGGGCGCGCCCCGGGUGC',11/09/2017
337,'GCGGGGGGGCGCCUCCUGGACCGTUGGUCTGCGACGGGUCCGGCUGTUGUUACCCCTGAGCACGGCCUCGUGGGTCGGGGCAGTGTGCGGGGGCGGGCTC',4/29/2017
338,'UUGGUUUCUGGGGGAGGCTTUGUUGGCCUGCGACGGUGTACGGCCAGCGGGCGUGGGGCGGAAGCGGUCCAUCGGGGUUGACUGCAGGGCGGUGCGGCCG',10/20/2017
339,'GTCCGGUCTCGGGGUCGTGCGGGAUGTGGUGGGCGUGGCGUTUGCGCUGCCGUGUTGCGCGGGGTGGUCAUTTTCUCGGCGGGGCAGUGCTCCGGGTTGG',10/13/2017
340,'CGAGUGTGUTCTGGCCCUGCCGGACUGCGGGGGGCGCGGGGCCGGUGUCTGUGGGTCGTUGCGCCGAGGTGGGGGCCGGCUAGGGGCUGGGCUGGTGGGG',07/08/2017
341,'GGUUGUGUGUGTGGGGCGCGTGGGCGTGCUCGUCTGGGTGCGGGGGGGCCUCTCGCGCCCTCGGTAGTCCCCCUGGGCGGCGGGGCUCGGGCAGGGAGGT',11/02/2017
342,'CGCUAGAGUGGGGTCGGACGGACAUCTCCCGGGTGGGGGGCGUUUGGGCGGGCGGCCUTCGGGGGCCGGUCAGCUGGUGGCUGGGGUTCGGGGAGGGCCC',11/21/2017
343,'GCCTGTGGCACGCGGGCGGUGGGTGCUGTTGCUGUGCUGGGGCCGGCCAGCGGCCGCCGAGGUGGCCCTUCUGTUTGUCCGGAGGGAGGAGTGGGUGGCT',8/26/2017
344,'AGGGCCCUCUGGGCGCGGAGGATCTCGAGCGGGTGUGGCTUGGGCAGAGCGGGGCUCCGGTGGGCGGCUGCGCGGGUCGGGTGCTCCGGGCCGACGTGGC',06/07/2017
345,'GUAGCCUGGGGGGCGAUCGGGGGCGGGAGGCCGTGCGGCGGGTUCTUGTTCUTGCCCTCGGCTGTGUACUCAGUGGGUGUGCCCGGTGCCCGCGGGGUGC',5/19/2017
346,'GUGGCCCGGGCGAGCGGGCGGGGGUCTGGGCGGAGGAGACGCGAGCGUTGGGGUGCUTAGTGGCCCCGGGCGGUGGCGCGCCGCGGACAGGGCGAGGGGU',9/21/2017
347,'GGUCUCGGGGUTCGCATGCACGGUUGGUGGGGTCAGUCUCTUUGGUGGGGGCTGCGGGCGGGCCGCGGTGGUGUGUCTGUATCCUGCTGGCGAGGGGGGG',7/14/2017
348,'CGCGCCUUCUGACGCGUCGAGTGUCCGUCAGUAGGUCCGTUCCGGGGCTGGGAGGUTGGGGUCUCAGCGUUCGGUGCUGGTGTCUGUTGGUGUTGCGGTU',7/19/2017
349,'CGTCGUAGGCGCUGCGCCTGUUGUUGCGGCAGCUGGUGCGUGGGGTGGGGGGGGCCGGGGGGACGGGTGGGGGGACCGTCTCTGGCGGCCCGCGCGGCGU',03/10/2017
350,'TTTCUGUCTTUGCGUUCCGGGGGCGGCUCUAGGUGGUGGCUCUAATGGUGTGCGGTCUGTGGGTCGUACUCGGGCGGGGCGGGUGGAGGGGCUGAGUGGG',06/08/2017
351,'GGACGUGCGUCGCGGGCGUGGATGCTGGGGUGUAUGGGGTCGGGGGAGGTGCGGCGCGGCGGCGGGGGGGCGTGUGTCGUCCAGTGTATGGGGCGGGGTC',5/30/2017
352,'GGGGGCUUGGAGGGCGCGGUCCCGGACGACGUGGGGGGGGGUCAAGCGGCAUGGGUGCGGCGGGGGUGGGCCCGAUGCUCUUUGCGCGTGGGCTGGGGUT',01/11/2018
353,'CCUGGGGUTUCGCGCUGCGCGCCGGCGUAGGUUGGCAGGUUCGUGGCGGCGCCTGGAACGGCCUCGGGCGUGCGGUGGGGGUGGGGGAGUGUTCCCTGCG',8/29/2017
354,'TCGCCCGGGCAGCGGUGTCCGGUGCGGGGGGGCGGCGUACCUGTGCGTGUCGGGTAGCCCGCUCGCCUACGGCCUUGCUGGGUGGAGTGCGTATGGGGGG',07/01/2017
355,'GAUGGGAGGCCCCUCGTACCGGUUCUTGCCTTCCGCGCCACCGAGUGCCCGGUAGGUGCGUGCGGUCUCGGCUGCCCGGGGACGGGGGTUTUGUGCGCUG',04/09/2017
356,'AGCGCCGCGGGGCCGGGGCCGCGUGGUGGGGUGGUGATTAGGGTGUUUTGTGCTGCAGGGGGGTTCGGGGUUGGCGGCGGCGCGGGCGGGGCCUGCCCGG',07/02/2017
357,'CGUCUUGCGGTGCGGCGUGCCCAGGGGCGGUGCGGGGTGAGCTAGGUGGGCGGGCCGGCTGAUUGUCGGAGGUUGACGTGGUTGGGCGCCCGCGGGGCGG',12/01/2017
358,'GTGUCGCGCAGUGGGCCGGGCCGGAGUGGUGCTGCCAGGGGGCUCGCGGGCGUCGTCGUGCGUGGUACGGCCGGCCGTGATGGGGGUGGUGGUUGCCCGG',1/26/2018
359,'CCUCGCCTGGGGGCGGGGCUCTUCUGUAGUCGUGCGCGGUUCUGGGGCGCGGGCGGUGGGCCUGGGGGGCCGGGUAGGCGAGGGGCCGGGGGCGGTGGUG',2/13/2017
360,'UGCTACUGCUGGGGGGCTCGUCCCGGGGGGAGCUCCGGAGGGGGCGGGGTCCGGUAUGGGCGUUUCGCCCCUGGUGTGAGCGAGAGCGCTGGCTAAUGGG',11/10/2017
361,'GGGGGAGUUUGGCCGCGCCGGCACGCGCGGCGTGGCGCGGUGUGUGGUCAGGAGGCGGGGGGGAGGGGCCCCGGGCCGCGGGCGGUGGCAAGACGCCGUG',8/20/2017
362,'UGCUGUCUGGGGCCGGCGTGCGGUTGCUCGGGUTCGGGCGGGGGGCGGGGCGCUGGGCGCTGGGCGUCTGUUCGGGCUCGUAGACCAGAGGGCGGGCGCT',12/19/2017
363,'GCCACUGGUAGGGGAUGGGCGGGCCGUGUCCGAUGAACGCCGUGUGCCGGCGCGCGTCGCGGCCGGGGGGGCGGGGCGTGTGGGGGGGUGUGTCCUGCCG',8/21/2017
364,'TGGGGGGUGUGGTGTGGGTCGCGGGGCCCGCGCGCGCGTGAGUGGGUGTCTUUGGGGCGGGGTCGAGCGGCCGGGCGCUUCGCCCGCUGAUGGAGGATGC',10/27/2017
365,'GGGCGCCGACUGACCGGGUGUAUGCCGCGGTGGGGGCGCGGCCGUAGGGGGGCGUCGGGCGGUGCCCGGGGGGGTGGTTCUCGGUCAACCGGCGGCACGC',12/10/2017
366,'GGTGGUUGGGGUCGGATGTGTGGCGCCGUGTUUGGGGGCGUGGGGGCCGCCGUAAGCUGUGCTGGGCUUCCCGGCCUGCGGCGGCGGTGAAGGGCGCAUC',08/02/2017
367,'CGGGCGCGGCGCACAAAGGAUGGTGGGAUGTATCCAGACUAGAGGCCUGGGUUGUGGGGGCGAGUGCUUGGTUCGCUTGGGGCCCGGGGCCGGCGGACGT',04/08/2017
368,'GCGGGAUTGUGGCUCGGTGCCGGGGCGCUGGGGGAGGCTCACCCGGGGCGGUGUAGCGUCGUCGAGGGGGGUCCCGGGCGUGGTGCCCGGGUGCUCTGGC',01/08/2018
369,'UUGGCCCUGTUCGGUUCGGCACUGGGGCGCCGGCGCGUUGTGGGCTGGGUGGTGTCGGAGUGGGAUGUUGCGUGGUUGCUGUGCUTGGGGGCUTAGGUGT',10/12/2017
370,'GUCACUGGCGGGCUCGGGTTGUGGCCGUGGGCGGCGGGGGGTUCGGCCACGCCGATGUGGGUAGCCGUUCGGGUCUTUCGUGCCGCUGCCTGCGCGGCUC',10/20/2017
371,'GGCGCGGCGCCGCGGGCCGGCGCCCGGUCUUGCUCGUGUGGCGGCAGUGCGGGGGGCCGGAUTGGCCGGGAGGGCTGGGTCCCGGGTCGTGAGUGGAGCG',7/21/2017
372,'GGCGCGCGGGGGGGGAGACGUCGAGGATGGCGAGCCUACGCGAUGAGTGTGGGCCGGGCAAUGTCCAGGGCCUGGCCUUCACCUGCGCGGGGUUGGGGAG',03/08/2017
373,'CGGCTUCTCGGAGGUUGCGGCGGUGACUGGGGUAGUGAGGUUGGCCGGGCGGCGCTGAGUGGGCGAUGGCGGCUGUGGTGGCGUCGAGGGGTGGTCGCAT',8/17/2017
374,'GGGUCUACGCAGCAGCCGCGCUGGCUUGCGGUGCGUGUCGGGGCGGGGGTGCGCCUCGUGGCAGTACGCGCCCTUGCCCAAGUGGUCCGTGGGUGCGGGC',1/14/2018
375,'GGCUTCUCGAGGGCGAGGGUTGGGGCGGCGGGGGGGGUGGGCGGCCGGGACCGTGUGUTAGGGCGGUGCTGUGACGGGGGTGGGGGUCCGACAGGCCACG',06/02/2017
376,'CGCAGCGTGUTGGCTCGCGUGCCGUUCGGGGGCATGUGGGTGCGCCGGCGGUGGGCCUGCCGCCCCGTGCCCGUCGUCUGGGUUGTAGCCGCCACUCUGG',3/29/2017
377,'GGCGGGGGUGTTGCGGUCCGTUUCAUGTCGCGCGCAAGGGCGGCUUUGUCGCGUCTGCGGCGCCCGGCGUGCUCCGGGGCACGTGUGCTCGCCGUCGGGG',5/24/2017
378,'GCCUUCCCAGUGGGUUAGGGGGUCGTGCGGAUGCUGCGGGTCTCUGUGGCGGCCUGGCGUGAGATGTGCGCUCGGGGGCCGGCGAGGGGCCUCGGGTGCA',8/18/2017
379,'CGGCGGGGGGGUGUGUGUCGGGAUCGUAGGGGGACGCGCCGGCGUGGGGCUGGTAGGGGUGGGGGGGCCGCCCUGGGGGCGGGGGCUGGTGUTACGGUGU',02/07/2018
380,'TCAGGGCCUCGUCCGGTGGGCGCGTCCGUATTGCCUUGGCCGAUGGGGUCGCGGGTUCGGCGTUGUTGCGUGCGGGCUCCGGGUGGGCGGUUCGCCGCGG',10/31/2017
381,'UUAGUGUUCAGCAGGGAUCUUACCATATGCGGATGUCUCTUGCCGGCTGCGAGGGUUUGGUGCGGUTUGCUGCGGGUCGGCUCCCGCGGGGGGCGGUCCG',8/30/2017
382,'GCCCGGGCCAGTCGGTTGGUGGCTGGUGUUGCGCGGGCTATCCCUGCTTCGUCGGGTGCCGGCGUUCTGGAGAUCGGCUCGGUCGGGGGCCCGCCGGCGG',02/08/2017
383,'GCTGUAGCCCUGGCGCGCTGGGCGGUGUGGGGGGCGCGGGCTCGTUTCGGCGGCCGGUGUGAGGUGUGGTAGCGGUATCCGGTCGGGGGGGGGCGCGUGG',10/31/2017
384,'GACGCGUGGAAGGGCGTGGCTTGCGAGCUAUCAGCUGGUACGUCGCTGCCCGTGGGGGATUCGGGGUGUGCGGGCUGCGGCGGGGGUGGGGGGGCGGGUG',5/31/2017
385,'UGGGGCUCUTCTGTUGGAUGGAGGGGCCCGUGGGGCCGCTGCCTAGGGGTGTTCCGGCCCTGUGCGUCGGGGUGGUGGCGGCUUATGGGGGGTGGGGATG',1/17/2018
386,'AGGCAGGGGGGGGGGUTAGCGCTGUGUCGGGUGCTGGGCGGGGGUATGCGGUGCGCGCGCCGGCGGGUGCGAGCGGAGUGUUGGGCCCGCGUTCGCAGAG',12/23/2017
387,'GAAGGCGUGGUGGGGGGGGTGGGUGGGGCCCGGCAGGGGUGGCUUGGTGAAUGGGUGGTGUGGGCGTCGGTGGGCGCGACAGUCCCGGGGTCGGCGGAGU',4/17/2017
388,'AGAGGGGAAGGGCAGCUCGGGGGGTGCUGGGUGGGGCGGUCCCCACGGUGCCTUCCGGUTGGCGTCCCGCCCGGGGCCGTUGCUCTGCCGGCUGCGTGAG',2/22/2017
389,'GGGUUGCTGCCGGTUCGGUACGGGUUTUCGGTGCGGGGCUCCUGGCGTCGGCCGGCGCGTGGUCGUGGUGGGGGCGGCCGGGTGAUGCGCUGCGCTGCTG',9/17/2017
390,'GGGCCUTGCGGGGUGGCGGGGCGGGGGCGCGCGGUGGGGGCGCTGGUACGCUGGTCTCUUGCUTCUTUGGGGGUGGGAGUUGGCGGCUGUGGGCTUGGGC',05/11/2017
391,'GUCGGUUGUACCGCCGGUGGGAGCCGUGAGGGUCTCTTGGGAGGGGGUGAGUGGCGGGGUGAGGGCGGTGGGCCGGGUGCTGGGUGCCACGGGUGGGCCG',12/03/2017
392,'GGGCUGGUGGTCGUGGCCGAGCCGGUCGATCTGGGACGGGGGGAGACGGGTCAGCGUGGGUGGGGGGTGGUUGCUGGCGGGTGGGGUUGGGCGCCAGUGG',8/17/2017
393,'GGGAGGCCCAGCGGGTTCGGCGCUTGCCUCTCGCGCTCGGGGGGGCGCCGCGGTTCAGGGCGTGCCUTGGTGGGCCGUGGTGUUUUGGUAGCTGGTGGGT',3/19/2017
394,'CGCGCTGGGCGGGCCACGGGGGGCCUCGCGCGGUAGGCGUGCTGACGCUGGGGGAUGATGGUGGGGGGUCTGGTGCGUUGGCCCCCGUGAGGGUGGGGCG',09/07/2017
395,'GGGGGGTCUUGGGCGGGCCAGUGUCUGGGAGGUGGGGCGGGGUCCCGGGTCCGCGCUCGUCGCGCCCCCCCGGGGAGCUGTTGGGCACCCGCGCGTGGUA',12/22/2017
396,'TAUCGAAUCGAGCUAGGGCCGGTGCGCUGGGUTGCUCGAGGGTGGGGGGUGUGCGAUGGCCAGGGCTCGACCTACGGGCGCGGCCGGCTCCGUGGUGCCG',07/02/2017
397,'CGGTCUGGUGGGGCUGUCCTGCGCGGGGGCACGGGCGGGUTCCGTTCGAGCGUGCGGGCGTGGGUGGUCUGGAGCGTGTGGAUGGUCCGGAGTCGCGGCU',6/13/2017
398,'GCGCGCUTTGGGTACGGGGCCGAUGGTGUCGGAGCGUGCUGGGCGGGGGCUGAAGTGGAGGGAGUGGGTGGGGUGGUGACGCACUGCTGCGGGGCGUUAG',11/01/2017
399,'CGGCAGGGGGCGGUCUGTUCGCGGGACCGCGGGUGTGGTCGUCUGUCGGTGGGCGUUUGGGUGCTGGGCGCGAGGTACUCGGUTUCGCGGTUAGGCGGGU',9/25/2017
400,'UUGGCGTUCGGCGGGGGGTAGCCUCUUUAGTGCCGGCGGGGGGGGCATGTUCGAGAGUCCAGCGAUGTCGUCGCUGGUCCUGCAUUGTCCUCGGUCGGCG',11/03/2017
401,'GTCUGGGGGTGUCTGGGCGUCAGCGCGGCGCCCCCCGGTGUGCGCCGGCCAUGGGGATCCGGTGGCGCGCGGGGCGUCGGUGGUGAUCUGCGGGGGGAGG',12/02/2017
402,'UCCGCAUAGUCGGGTCGGCGAUGCGGGGAGGCUGGTCGGGGGCTCGGGCGCCCUGACCGCCUUGGCTGGCUCGGCGGCCTUGGGGGCGGGGAGGGGGGGG',6/24/2017
403,'CGCAGUGCUGGCGTCGGUGCGAGGGTGCCUGTGGCUGGGTGCCCCGAGCTCCCACGCTGGGGCGGUGTGGCCTGGUGGTGCGCTGAGGGGGGCGUTGUUC',04/09/2017
404,'CGGGGCGCTUCCCGGUCTGUCUGGGGGGUAGGGGUGGUCGTGGGGUGCGGGGGCGUCUCGGTGUGGCCCACUTCGGCGTTGUGGUCGGUUCGCUGCGGUC',2/23/2017
405,'GCUGGTTGGCGGGGGGAGTGGCGCGGGGUGCGGCGCGCACCGUGUGCGGGAGGGGUCGUGUGCGGUCGCAGGUCCGGAGCGAGGUGGUGGCGUCCUACGG',10/23/2017
406,'TGGGGAGGCGGUGGGUUGGGCUGCGGCCCGTGCGCGCGGCCGUTAGGGGCGAUGUGGGCUGCGGCTCCTCGGGGCCCCUGUGCTGCGGGGGUGCGGGUCG',3/28/2017
407,'CCGGGGCCGGGGTGCCCGUCCGCGGCCGUUGGGGCCCCGGUGGGGAGCUCGCCUUGUGAGCCGGCUGACCGGGGUGGAGUGUGGTGCGCGGGAGGUCCCG',4/21/2017
408,'TCTGGGGUGGTGGCGCGCGGGGGUGGUCCGGCUCCGGGGCGGGGGGGGUGGGGAACCGTGUGCGCGTGGGGCCCCGCTGUGGGGGGCCCCGAGGCGGUGC',05/09/2017
409,'GGGGGCCCUCGGCGGCTUUUGGUGCGUGGCCGAGUGGTCUCCCCCGUCGUCGGCACGUGCTGGUAAUGCGTGGGUGTTGGGGTGGTGGGAUGGGAACUGC',08/04/2017
410,'GGCGUGGTCCGGGGGCCUGUTCUGCGCCGATCGCGGGTUGCGGCGGTGCTCGGGTGCGGCACUTGCGUCGGGGCGCAGCUCGUUUGGGGACGGUCGUUCG',10/24/2017
411,'CUGAGCCUTCTGCCGGCCGGGCGGGUTACGCGCGCTCGGGCCGUGAGGGGTGGGUCTGCGCGGGAGGCCGUCGUGGGGAGGGUCCGGGCGGCTGAUTGCG',3/14/2017
412,'GGUUCGCGGUGUGCGGCGACTCUAGGUAGGGGGGGUGCGATAGCCGCUTGGACUGGGGGGCGGCUGGGTUGUATCGCTCGGGGTTUGGGGCCCCAGGGTG',7/28/2017
413,'UGGGCGGCUCTGGGACGUTCUGGCGTGCGAGUGAGAGGACGTGCGGUAUGCGGCGGCCGUCGGCGCAUGGTGCGCGUUCGGCGGGGUCGAGGGUGAGGGG',9/28/2017
414,'GGGGGGCCUCCUGGGGGGCGGCUTGAGGUUGGGTCTCCGGGTAGTCCGGUGUTCGGCCCACCGCTGGGCGGGAAUGUGGGCCGACCUGCGGGCGAGGGUA',6/22/2017
415,'GGUGAUGGCGCGCGGGGTUGUGGCUUCGGTGCGGUGGGTCGGAGGGGGGGGGGGGGGGGGGUGCGGUCTCATCCACGCGCGGUCUGUCGAGGGUGCGGAU',10/16/2017
416,'CGGCGCTCCCGGCUAGUCGGGGGGAGCGGGAACGGUGCGCGGGGUCCGGTGCCCGGGGCUGGUUUCACUGUTGTCGGGCACGGGGTGUGUCGCCTAUGGG',9/13/2017
417,'GUCGGGUUGCGGGCCCUTGACUGGGGCGGGGGGCGCCCTAGGGCUAGCUCUGTCGCUGUGGUUGGGCUGCGGGGCCUUUATUGGAGCGUAUTGUUUUGGG',02/08/2017
418,'GCGUGGCGGUUGGUCGCGGAGGCGCTUTUUUUGGGGCCUTTCGAGCCGGGGGGUUGGGGGGCUGGGGGTAGGGGCGUGGGGCGAUUCGCGGCAGGTTGUG',6/20/2017
419,'CGGGUAAGUAGGGCGGCGGCGGUCGGUGGUCGCGUCGGCGGCCGCCCCCGUCCCGAGGGUUUGGUGCCUGGGUAGUCCACGTGGACGGGGGGGGUGGCCG',4/13/2017
420,'GCAGGCGGGTGGCGATCGGGGCCGTGCCGGGUCCGGCGGGGCGGUTUUUGAUGGUCUGTCGCGUGCGUGGUCGGCAGGUGCCGCTGCUCGGGCGCGCGGA',6/20/2017
421,'CTGCTGCUCCGACCGGTCCUAUGGGUGCUUGCGUCUAUGCGGGGGUGGGCGACCGGGCGGGUTTATUCGGTUGGUCCGGGGGAUGTGCGGGGGGTGAATC',12/01/2017
422,'GGCCUGGGCCGCGCGGCGGGGCGUCCCTAGGGGCCATCCCCGGCGCGCGGGGUUGCGGTTGCGCGUCGGGGGGGGGCGCGCGCUGACTUCGCGGACGGGC',11/09/2017
423,'UGGGCGTACGUGGGGCAUGCUGGGGGAGUGCGCUGUCAGTGUTGGCCCGTGUUTCUCGUCGUUAGCGUGGGCGGGGTGGGGCCCCCGGCCTUGGTGCGTC',4/18/2017
424,'GTGGGCGUGACGGCGCGGGGGGAGGCGUAGCAGGGCGCGGCGCGCGCGGGGAGGGGGTGGGGTGGGGGGGCGGTGUCUUGGCTGGGCCUGGUUAGCGGTG',12/30/2017
425,'CTCGGGCUCGCGGGGGGGGCGGGGCCGTAUGGGGAGGGGGGCGGCCCGGCGCGGTUGCTGTGUCCCCAGTCGAGAGGGCGGUCUCGGGCCCAUGCGGGGG',07/04/2017
426,'CGGUCCGUGGUUGCGCCGUCGGUGGGGGCTCCUCUCGGGGCUUGGGCCGUTGCGGGGACGGTCGGCTGUCUCGGCCGUUTGGGGCGCTGGCATCGCCGUG',05/04/2017
427,'GGGGGCCGGGAUGUGCGAGGGGGUUGGCGGCGCGGUGCCGCGGCUGATCGGGAUGGCCTGGGGGACTGGCGGCAUCCCCGGAGGAUCCTCCGGTUTGGGU',09/02/2017
428,'UCACGGUGACCUAGGUCUGGCGUGGTUGATGUTTCAUGGUTCCGGGTGACGGUGGCGGGGACCCCGGUGCGGGCUGGACCTGCCGCGGGGCUCGGGAUCC',04/07/2017
429,'UGCGGGCCGCGTGAGAGGCUGUGGGCGGTUGUATUGGGGGUGGGTGCGGCGGGGGCGGGGGCGGGCUCGCTGGUTGAGGTGGGGGCGCGGGGGGGGTCGT',10/22/2017
430,'UCGGCGGAGGGCGGGGCUCGGGUGGGTTTCGCCUCGCAUGCCCUCUGATAGGGGCGCGGGAGGGUUTGGCGCGTTTGCGGCGGGCGUGGGGGCGCGGCGG',01/05/2018
431,'CGUUUGGGUGCUGAGGGCCGCGCACCGGGUUGGGCGGGUGGGGGGUGCGUGGGAGGCCGGCCTGGUCCGCCCCUUGGGCGCGUGCCUGGUCGGUCUGUGT',2/24/2017
432,'GGCGGGGGCCCUGGGGCGUGCCUCUGCUCCCCGTGGCCGGCGGUCTTGGGGCGUCAGAGCGGGUTGGGCCGTCGGTGCCGCGUUACGGCTGCGCCUGUGU',2/15/2017
433,'CGGAGUUGCGGCUGCGCAGGGGCCAGUTUTUAGUUGACUCGGTGUAGCGGUUGGGUGGGCGGCGGGGAGGTGGCCCGTCTTGUACGGCGUCCGGCCGGGG',12/24/2017
434,'CGACCUGGGGGGAGGCTCGAGGCGGCAGCGGCGUCCAUGCAUGGGCGUUGGGUUGCGGGCGTUGTAGUCGGGCGGGGGGAGGGGGTGCGCCACGGCTCGU',5/15/2017
435,'CAUCGGGUAGACGTGGGGCGCUUGCGCCCGUGTGGGGGCUUGCCCGGGUCGGCGUGTGGCGGGGGAGUGCAGCCGGGUGCACGCCACGAUGTCCGGGGGU',10/05/2017
436,'TGGGTGCUUCGUUGGGGGGGGCCUCGGCGUTGGGGAGAAAGCGTGUGAGGGCGUUCGGCGGTAGGAUUCGCAUGTTUGGCCGCGUGCTGGCGGGGUGUGG',08/06/2017
437,'CUUGUGCGGTGCCGGACAAGUGCAGGCAGGCGGUGGGUGGGGCUCGCUGAGCAGGTGGGGUGGGCCGUGGCGGCGGGGTGGCGCGCGCGGUUTCGCGCGG',11/14/2017
438,'CCCGGGCGGCCAAAUGUTAACCGGCACUGGCAGGCGTGAUGUUGGCCUGUGUGUGUGCGGCGGCAGGUGCGCUGGTCGCGUAGGGCGUAGCTGGCGUUGG',8/17/2017
439,'CGGCCGCGCACGGTUGGTTCCCTGCTGGCGGGCGGGCCCGGGGGGCUGGGCATGAATACGAGGGGATGGGGAGTGGGUGGCGCUGTGGCGGGGUCCAAGG',6/29/2017
440,'ACGGCTGCCTCCAGGGGCGGCUGCGGGCTGCGGGGUGAGCGTGGGGGGGGGGGCGUGGGGUUCGUCCCCCUCTUCUCGUGGGUGCGGGGGGUTUUUCCUG',3/27/2017
441,'CTGGCGGGGGGGGCGUUGAGGCCCCGGGGGGCCUGGGTGCGGUCUGUGUUGGGCGGGUUCGCTGUGGTTGGACGGCGCGGGGUCGGGGGUTGGTGCGGGT',11/24/2017
442,'GTUGGCCGCGUTGGUGUCUGCCUCGGCTUGAGGUGGGTGTGGGGGGCAAGGGCUAUGGGGUGUGUCGAGUGGCUGGTUCCGCCGCCCUACGGGUCGGGGG',3/28/2017
443,'CUCGGGGCUGCCCUGUCGGUGGGGGCCCGGCGCGGCGUCGUAACGGCTGCGUUACGUGGTGUAGGGAGGCGAGGTGGCUGUCTUGGCGGUGGUTGCGGGG',07/05/2017
444,'GGUUCCGUGGCUTGTGGCGGCGGGGTCGGGUUUAGCGCGAGTGGCCTUAGGGGGGGTAGGCGCUCGCGCCGTGCCAGCCUGTGCGUAGGUCGGGGCGCCT',11/24/2017
445,'UGGCCGGGCCGCCAGTCCCCCGCGTAGTGCCTGACCUGGGGGGAGGGACCUGGGGCCGUGGUGGGGCGGGUGGAUCGGCCGAGCGGCGCACGACUGUAAG',12/04/2017
446,'GCCGGUGGGGTGAUGCCCGGTGUTGTGGGGGCAGGUGGUGGCGUGGGGGCGUGUAUGGUGGCAAGGUGGGGGGTUGGGGGGGGCGCCGGUGCUUGGGCCG',12/14/2017
447,'CAGGGCCUAGGGCAAGGCCCGGCGGGGGCUCCGUGGGUGCGGGCCGCGUGGUGCAGGCGUGUGTUCCGATCGCUUCGGTGGGGGUUAGACCAGCGGGGUU',6/24/2017
448,'CAGCGGGGGCCCCGCCUCGGCGGGCGGGUCGGGCGTGCCTGUCCGGGGCGUATGCGCGCGUGGGUGUGGGGTUGGACCUCCCUATCGGGGUGGUCCGGGG',8/15/2017
449,'GUCCAGCGGGCTGCCCGGGGGGGGAUCCGGACGGAGGGUACGTGGGGCCGGGTCGGCUCGGUGUGGUGCGCGCGGCGGUGTTGGCCCGTGGGCGGGGACG',12/15/2017
450,'CGCCGAGCTGCGUGGGGGTCCCGGGGGGGGGGGGGUGCCACGTUUCGGCUAGUAGGCUGTUGGGGCGCGCCUGCGCGCGGGGUGCCGGGTCGAGGCCUGG',5/24/2017
451,'CATGGGCGGUGGGGCTGGUUCAGGGGCCCGGGGUGGGTGCGGUGAUGTCUCTCCGCGAGTUATUCCUGTAUUUGCGTGCCAGGUGCGUTUUUGGGCGGCG',11/10/2017
452,'GCGGUTGGCTGGGGCUCGGCGUGGCGUGGCUCCUGCUCGCCGCUCGAGCGCGUUGTUAGGGTACUGGGGTGGGCGGAGUGGGCGGCGAAGAGGUGGTCCA',10/19/2017
453,'GGGGCGTGTGGGUGUCUGGGCCGGGTGGCUGTCUCTCUGGCAGGGGGTCGAGGCCGGGAGUGCCGGGCCCCGACCUGCGGCUCTGGGUCGUGCGGCCGCG',3/15/2017
454,'ATGGCGGCCGCCGTUUGCGCGGCTGGCGGGGGGGCAGGAGCGGTGUCUTGGGGGGCGCCCCGGCGTGCCCCUUCGGGGGCCAGTGCCTCAGGGCCUCTCG',10/19/2017
455,'GTGGAGCGCCUGACTGGCGGACGCGAAUGGCGUTGCGCGGGAUTGCGACUGCGGCGACCCGCCCUGCUGACGCGGGGUGGGGTGGCUCCGUCCGGUCGCC',09/12/2017
456,'CAGCTGCGUTGGCACGGGCUGCGUGCTGGGUGUGUGCGGGGGCUCCCGAUCAUUGCGGGGCAGGGTGGGGCGGGCUGCGGCCGGTGGGGGCGGUGAGGGA',7/20/2017
457,'CGUGGGCGTTGGGATGGGCGCUCGUGCUTGCCTGGGCGGGCGGGGGGGGCTCGCGCCCCGUCGUGCCAGTGCGGGGCGGCGGGTGGUCGGGGUGCGGCUG',11/02/2017
458,'CGGGCCGCGGGGCGCTCGGGUCTCGGGCUGGCGGGGGGCUAGGCGGCCCGUGCAGGGGGTGGGGGGTGTGGGAGGCGTGGCCCCCCACCGUGUCAGTCGC',6/23/2017
459,'UCUCGGUGGGGGCGGGCCGCCCGGCGGCCGGGGGUAGCCTCGTGGUGGCUUGCGCGUGTGUGGGCGGGUGGGACGCUUGUGCAAUCCUGGCAUGGTGACG',01/06/2018
460,'GCGAGGTCCCUGGCCTTGTCGUGACCGGUCAGTGUGGGGGGCGTAGGGGGGCGGUGAGCCGCGCGGCUGGCCCACCGGGGUGUGGCAGGGGGCGAGCGUU',10/03/2017
461,'UCGGGGGGGGTGGATCGGGCCGGCUGGCGCGTGCUGGTGGUCGCCGGGUGCACCUGGACGCCGGGGGACCGUTGGCGGGGCUCCGGGCGGGGGUUGAGCC',12/21/2017
462,'GUGGUCUUGCCAGAGCCGTGGGUAGGGAGCCGGCCUCGGGGGUACCGUUGCGGCUCUCCAUGGGGGCCUUTGGUGGCGGCGAGGCGCGGUGGCAGCCTGU',2/28/2017
463,'AGGCGCGCGCCGGGGCCGGGCGUTGGGUGTCGGCTCTGCUGUAGGGGCCGTUGCGGACCGAUACTGCCTTGGGTCCGTAGGGGGUGGCCCAGGTACCGGC',8/17/2017
464,'GGGUAGCGCGTUGGTAUGCCCGTCGTCGGGGGGGGGGGCCTGCGGGGUCAGTTCUATGGCCCGCCGGGGGGGGGCCCGGCGGGGCGCGGCGCCGGGATCG',6/22/2017
465,'GGGAGCGUAGGTGCCGGGCUCTGGUUUCCGGTAAGCCGGGGUGGGCUCCUTGCGCUCCGGGGUGGTGTCCGCAGUUUGGCCCCTGCCGGGTGCGGAGGGG',02/10/2017
466,'GGGCGGUTAUGGCTGCCGGGCAGGGUGCGGGCGCGACGCUGGCUGTCGUGCGGCGGGGGCGCTCAGTGGCGGGGCGCACUGCCCCUGGUGGUCGTGGAGT',8/13/2017
467,'CGGGCCGAGGGGCCGGUGAGGUCCGGCGGGGGGTUUCCUCUCCCGGCAGCCGGUGUCCGGUGGGCGGGCGGGGUCGCTCGGCUCCGGCTUGCGUGGTUAC',08/10/2017
468,'GGGGUGGGGGCTCTCTGUCGGUGGCGTGCCUGGGCUGGGGTGUGGGGCUCCGTGGGGGGGGGGTUGUGAAGGGCGUATTGCGGGCCTCGGGGUGCCACUU',8/30/2017
469,'UGCGGGGGUCCCGUGGGTCGGCGCCCGGCGUAUGUGGCCGGGTCGGCGGTGGUUGCAUGGCGGGTUGAGGTCCGGGCCGGCUCCGGGGCTCCGCGUGGCG',12/03/2017
470,'UGUTATGCGGGCGGGCUGUCGGGCGGGCGGUAACTGGAGGCGGATGGTGGUGATTGCGCCGGUUGCGCACGGGUCCCCCTGGGGUGCACGGGUUCGCTUG',12/20/2017
471,'CCGGCGACGCGTGTGCGACCCGCTGCTGUGUGGCGAAAGGGGGGGCATGGCGCGGUUGCCGGGGGTCGGGGCUAGTGGUAGCGGGCGUACCCCGTCCAGT',4/24/2017
472,'GGCGGGCAACGCGCGCCGGUUGCACCGGGGGCTUGTGGUCGGUGCGGGGCGGGCUGCGTGGGGGGACGUCCGGGUCUCCGGCGGGGCGGUCTCGGGGCAC',3/19/2017
473,'GGGGCGTCCGGGTGGGCUUCCTCGACGGATCGTTTUGAGGGCGCCGTCGGCGGGCGCTGGCCGCGGGACGGGGGCGGCCCGGCAUCCUCGCGGGCCACCC',06/11/2017
474,'CUTGCGAAUCUTGGTGGCAAGGTGUGCCGGACCGGGAGTCTGGAGUGCUCGGGGGCAGCCGGAGGUCCGCUATGGCGCGAUACGGGGTUTGTGGCGUGCG',11/13/2017
475,'GGCGGGUCGGUGGCUUUCGGGGCGGGUCUGCTGUCGUUGGGGCCGCCCUGCUUCCCGTGGGGGGCGGTUGTUGUCGCUUGCGUGAGGCAUGGUGGGGGGU',1/28/2018
476,'GCACGGCTGGGGCGAGCCAGAGGGAGCGCUCGGCCGGTGCGUGGUUGGGCUGGGTGCAAGUGUGCCUCGCGAAGAUGCGGGGGCGGTGGGGGGCGGGGGG',08/11/2017
477,'GGGCGCGGCGGGGGAGUCGGCAGGGTGGCGUCGGCGUGGGUCUAGCGAGGGGACGCGGGGAGGCGUCCUGGGGCTAGCGUCCAUGGGCCAGTCCGGCCGG',2/15/2017
478,'GCGGGGGGGCCCCGCGGTGGUCCUGGAGCAGGGUCGAUGGGCCGGCUCCGGGCGCCGCCCCCCGGGGGGGGTCCCUGGGGUGCTCCGCUAUAGGGGGGGG',5/14/2017
479,'GTGCGGGCGGACGGGGGCGGGUTGGUCGGCGGAGUGCTCUGCCCCUCGCGAGCGUCGGCGCGGAGTGCCGUTAGGUGAGGTCUUCGCUGGCUGAUACTGC',10/15/2017
480,'CACGGUCGCGCCAGUATAGGCGTGCGCTCGAGGCGTCCCCUCGGGGGGCGGACGUGGCAGCGUGCUACGGUGGGGGGUGGUAGGUTGCCGAGUGGGGUGA',02/07/2018
481,'GCGCUCAUGGACGAGGGGAGCCCGUGAGTGTGGGGTCGGGTTGCGCGCGGCGGCCGGCGCGCCUGACGGGGCGGGUGAUGCUUTGGGCGGTACCGGGCCG',08/01/2017
482,'CGGCCGGGGCGUGGCGAGUGTGGGAGAGUGUGGGGGGUTGTCGCUGCCGUACCCGGGGGGGCUGCGCGGGGUGCTGUTGUGGUGCGCGGUCUAGGGGUGG',03/11/2017
483,'GCAGGGGGCGGGTGCCGGUAGCGCUCGCUGGGGGGGCUGGUATUGGGGCGGGUCUATGGCCTTCGUAGUCGCGGCGGGGGCGUGGGUAGUTTCAGUGTGU',5/29/2017
484,'GUCGUUGGGGGAGAACCCAGGGACACGACGCUGGGUGCTCCCGGUGATCGTUGGCGCGTGCCGCUGUGCGUGTGGCGGGGGCTGGGCGGGGUGGGGGUUG',7/13/2017
485,'GCGGGGGUGTGGCGAGUUGCUGCGCUUUCCCGGGUGUGUTUGUGGGCGGGUGCCCGGGGTCGCGGUGTGUGGGAUACCGCGGGGGAGGGUGCGTGCGCGG',12/16/2017
486,'GGCGUGCGGGGTGCGGGGUGGUUGUGAGCCACGCGGGTCTCGTGGUCGGCGGGGGUGCCACGAGGACCCCGGAGGGGGCUAGTGCUCGGGAUGGCCTGGG',02/04/2018
487,'CCCGACGCCTGGCGTCCGGGUAAGGGCGUGCCGUUTGGCCTUGGGGGCCGGUGGGCTUGUGGCCGCGUGGGGGCUGUACCCGUACGCCGCGGGCGGGGAU',01/03/2018
488,'GCGGCGGUGCGUGGGUGCGGATGUCGGGAGAGGGGGGGUAGUGGGUCCGCUGGGGGCCGGUTGGGCCUTCGGGTUGACCCGGCGGCUCCGUGGTGGACGG',07/09/2017
489,'CGACGGCGGGGGGGCCGGTGGGTGGGGUGGGGUGGGCGTGCTGCGTGAGCGAGTTGUGAUCCCAAAGUGCGGUCCGGGGGGGGCGCUGCUUCGGGGUCCC',5/28/2017
490,'GAAGCGGGCGUGCGUAGGCGCUCGGGGGGCTCGAGGUCGCAGGCGCGACGGGCGGGGGCGGCGCCGCGUCGGTGUUUGUGACGUGGGGAGGCGCGGGCAG',12/31/2017
491,'CGCCATGCAUCGCUGCCACGAGCCCACCGGGGGTCGGCCCGAUGGCGUCUUGUGUGGTGGGGGCCCAGGAUCGTCGCGGUGGUGGUGGUCCGCTGUGAGG',12/08/2017
492,'UUCGGGGCGGTGGGAGGUCGGUUGGUGGGUGGCUGGCCUCAGGCCTGGUCUGCGGGAGGACUGGGGGCUGGGGUCGCGTCCCCAGAUGCGCGUGTGAGGG',3/15/2017
493,'CUCTGGGGGGUCUCGGGGCGGCTGGGCGGUAGGCGGGCCGGGCGGCCGCCCTAGGGCCGGACGUUUGGGCCGGTGTUCGGGCCGTUCGGGGAUGCCCCCG',9/16/2017
494,'GGCCGUGGCGCGGGGGCAGGCTUUGCCCTGGUGGGGGCGUCGGGCCCCUGCUGGCGACCATGUUGCAGCTGCGGGGCGTUACTGGGCGCCUUGGGGCCTU',12/03/2017
495,'GGCCGGTCGGGUUGGCCGGGGGUGUTGAUUCAGUTGTGGGGGUTGAGTGACAGCGGGGGGGGTGGUGGGGCGGGGCCGCGGGCCCGCGGCCAGCGGGCTG',9/25/2017
496,'CGGACCUGCGUCCTCGAGCCCCGCGGGCCGGCUGGUGAGTGGTTCCCGACUGGUGATAGCUGAUGGGUGGGUGTGGAGGGGGUTGTGUCUGGCGCCGGCC',01/01/2018
497,'CAGCGUGGUGGUGGGGGGGUGTCGGCCCCGGGACUTTGUGCGGGUGTUUGCCGGGGUGCTGGGGGGUGGGCUGAGGCUGGGAGGCCGGCCGGGUCUGCUC',3/27/2017
498,'GACACTUGGGATCTAGGGUGGGACGGCGGGGGGGGGUCCGCGCCCUTGTUGCGGGGGGGGGGCAUUTGGGAGGCGGUGCTGCACTGGCGTCCCUGGGGCG',4/30/2017
499,'GUCTCGCAGACCGCGGCUCAGGGCUUUUGTGTGGTCUGCGGUUCCCGCACCGGGCGGCGCUGCUGGUUCGGUUCGGGUUGAGGGGGGACGTGGGGGGACG',11/01/2017
500,'AUGGGGGCGGTGGCCGGTGGCGGGGGCGGGCCGCAGCGGACCGGCCAAGCGUUCGGCGGCGCAUCCGUGGGAGCAUCGCCGGAGGCCGGCGTAGUGGUGG',8/15/2017
501,'AAGGUGUGTGUGCGGGUCGCTCGUTCGGGGGCCCGGCCGUCGGGCCCGGGACGCUGCGCGGTGGCGCGGUCUACGTUGAGUGTAGCTGGGCTUUGCTAGU',11/08/2017
502,'GCCGAUUCATCGUGCGGGGCUGCUUGGCGUUGACGGGGUCUGGTUGGGTACAACTCCACGCCUGUGGCTUTGAGCGGUUGGUGGGGCUGCGGGTGGCUGG',8/21/2017
503,'GGGCGGUGGAUGGGGCTGGUGAGGGGCGCGGCCGCUGCGGGGGGGTCGGTCGGCGUUCAUGGUGGGUGUGCAGGCGGAGTGGCTGCCTGCTGCCUGGCGG',5/18/2017
504,'GACGGGUGTTGGGTACUCGGGGGCGUUGCCGACTGUUCCGGCGGGCGCUGCUACGUGCTGCCUGTTCCUGAAAGUCCCGGUGUCGTGGGUCCUUGGAGAC',06/06/2017
505,'CGGCUCGGGCUUGGGGGGUGCCGGUGGGUGGTUGGCGGGGUGGGGGGCCUGCTATGUCTCUGCCCGCGGCCATGAUUCUCGCGGCGCCUGGCGCGGGUUG',04/10/2017
506,'GGUCGGTCCUCGGCGGGGCACGGCCTTGCGGGCCGGGCGCCUCGGCGUCGGGACCGCGCCGGGUCCACGTGGUTAGGCCGGGTUGGCGCCGUGCTGGGUC',11/05/2017
507,'CCGGUCTCGGGGGUCCGCUGCGGUGUGGCCGGGTACGGUCGCCCCCCGGGCCGTCCUCGGUGGGCUCCGCAUUGCGGCUUGGUTGGGTGGTGAGAGGGCG',11/24/2017
508,'TGTGGGGGGUGGCAGCTGAGGGGCAAUGUCGCGGCAACGGUGAGTCACGCUCGCTUGGUCCGGGUUGCGUCCUGTCGGAGCCGGCGCUGGGGGCGAGGCG',02/04/2018
509,'GTCGGGCGGGGGGTGUGGAGCCGGTGGCTCGUGTGGGGUGCGGCGCCCCUGGUAGGCGGGGGCGCGCAGCAGCAGGCUUUGACGGGGGAGGGCUGGGUGG',11/22/2017
510,'GGCUGGGCGGGGGCCCTGGAGTGGGCAGGACGCUGGCGGGTGCGGGGGAGACCCCCGCGGGGCCGGCGGUGCGTAGGGCGGGGGGGCCGGUGGAGGGCCC',4/27/2017
511,'GUGGCGTUCGGCGGCCTGUUTAGGGUCGGCGTGUGUAACUCUGGGGACCGGGCGGUCGGUUGGGGCUAGGACGUGGGUGUUGGGGUGGGGGUGAGGCGTG',05/09/2017
512,'GGGCCGCCCTCCGGGCAGCCCCUGTUGCGGTGCUGGGCCGGGGCTGGCGUGGGCUGGGGGGGGUGGGGGUGUCGTGCGGGCGGTUGUGGGCGCCCGTGUG',11/04/2017
513,'CUGGCGUUUGGCCUGCAUGGUGCGAGGGCTGTUGGGGAACGCCUTCGCAGGGGGGCGAGCTGGCCGCCGUCAUCGGGUTCGGGCGCUCGGGGCCGGGCUG',07/04/2017
514,'GGGGCGGGCGGUGCGCGCCCUGGAAUCGCGAGAGCCUGUCCGGCGUGGUGGUGGUGGGGGGGGCCGCCGGCGCTGGUGGGGGGCCTGGACGGGTCCGUGG',08/05/2017
515,'TCGGUUCCCGCTUUGGCGGGAUUCCGCCCCGGUCGAGGAGACAGGGATCUCGUACCGACUGUGGGGGCGGGGGCGGGGGGGCTCCCGCGCCGAGGGAGGG',09/02/2017
516,'CCGATCGGCCCUGCTUUGACCGGGACCGGCCUCUGGGCCGUGCUGGGUGCGUGGCCUGGCUGUUAGGGAGUGGGGUCCCCUGCUGGTGGCUUGTUUGGCG',01/01/2018
517,'GGTGCGGGGGGCCTGATGUGCGTGGUGAGCUGTGUGGGGTATGGGGGGGUGCCGUGGCGGGCAGGUCGGGCGGGTGAAGGAGTACGCGUGGTUCCUGGCG',11/29/2017
518,'CGCCAGTGGTGGAGGCUGGGCCTGGGGUTGCUUCGGGGGGUGUCGCCGGUCCCUGUGUCGGCGCGGUCGTCGUGCGGGGGTACGTCCUCCCCCGCCCCCG',10/13/2017
519,'CGCGUCCGCGUCGCGCGTUUCGCUGGGACCGGGUCCGGCCGUGGUGCUGUUCCCTUUUGGGAUCGATUCCGGUGGTGGGAGGGGGCGGGGTGTGGUGGUG',03/10/2017
520,'GCGGGTTCTGCGCGUGGCCUTUCGCCAGCUGUCGUCCUAGUGGCGTGGCUGGACGGGGGGGGGGCUGCUGGGGGGCCTGUGGGATGAGGGGCACCGCGGC',3/16/2017
521,'GAGCUUGGCCTGGGUGGUUCGAGCGGGTGCGCGGCGUCCCTGTTGTUGGGGCGGGGGGUGCGCGCGGTGGGUGGCGGGCCGCCTCGGCGCGGGGGCCUGG',10/17/2017
522,'CCUCGGAGCCUGGGCTUCCGGAGCUAGCUCGGAGCCUGCGCACAUCCCGGAGCCGCUGGGUGGUATTACGCUGGGCGUGGGGCGGGGCGGGCGGUGTGGG',11/16/2017
523,'GGCGUGGCGGCCTUTCTCGGCGTCTGCUGGTGGCCGUUGGGTTGCGGCGAGCCCGGTCUCCGGGCCCUTGGCCGCUGGCGGGUGUTTGCCUUCGCGGCUG',1/13/2018
524,'CGGGGAGGACGUGUGGGGGCGACTGUGGGGGUGGTAUCUCUCAGGGCGACAGTCCGCGCGGCCCGGGGGGGGGUGGGGCCGGGAGGGUGGGGTCGCTCTG',2/20/2017
525,'UGUAUCACCCGGGGCUGCCGGGGGGCGGCUTCCGTCGGCGGGTGGGGGAGCCGGGGTCUCAGGGGUCCGUGUGCUCGGGGGCGUGGGUACTGGGAUUACG',6/29/2017
526,'TGGUUCGUGCCTGGGGGGUCCGAGGGCGGGCTCCGGUGCUGGTCAGGCGCTGCCGCGAGGUCCTUGGGUCUCGGGTGAUAGCAGGGCGGUGUGUGGGTCG',06/05/2017
527,'CGGGCGGCGTCCGCGCGGGGUCCGTGCGGCGGGGGGAGGUGGGGGCCCTCGAUGGUGGUUGGTUTGGCATGUCTUGGGGCGGACGGTGGCTCCCGTTGGA',05/03/2017
528,'GGGGGCGGACGUTUCGUCGCGGCGGGGGCGGGGCUGGUGGGTCGGGCUGUUTAUCGCCGGGGCGUUCGUGGCGCAGCGUUGCGACGGGGGUGGGTTGGAG',06/04/2017
529,'CUGGGGGCGUAUGGCGGUCCGAGUUCGGCUGGTGGUUGGUGCUCGGGGCGGGGTGGGUAGGACUCGGCGCUGUGGGTGGGCCAGCGAAGTGCGGCCUGUC',11/19/2017
530,'UACUGGGACTAAGGGCUUUGGGTCCTGGGUGGATGCCUGGGGGCUUGGGTCGCAGUCGGGTUGCTGCGGCGUGGAGTCAGCGGTTCGGGAGTTGAGUGGC',11/12/2017
531,'UTGUCACTCGGAGGGGUUGGGGCGCGCTCGCUGGCGGCGAGGGCCCGGCGGGUGGGTGGGUGGAGGGTCGCCGGGGTGUACGGCGUAGGUTTCGCTGGCG',9/14/2017
532,'CGGTGUCUCGUCGTTGCCGCGCUUCGUGGGGGGGUGCTCGCGCUCCCGCGCGUCGGGGGCCCGGGATACGGUGUGCAGGCGGTUCTGUGGGAGGAGAGGU',11/16/2017
533,'TCGACCCCGTGCAGGCGUCCGGGGGCCGCACGCUAGGGGGCCGGTAGTCGUGGCGCGGGGCCCTGGGGGCGGCGCGGTGGGCUCUGAGGCGGCGUGGCGG',8/22/2017
534,'UUGCCCCGCCGCGCCGCUAGGCCGGCTTGGGGUTGGGTGUTCUGGGGAGGGGGUGCGGGGCGAGGGAUGGUGGGGTGGGUGCGGUGGCGCCCGGGUGCGC',5/21/2017
535,'CUGCCCGUGCGCGCGGGGCCTGGGCGGGGCGGGUCGCGGGGGTCGGGUGGUCTGGTCUGACGGTGGUUTGGGGGGCCGGGGGGGCTGUCCUGGCGGCAGG',10/01/2017
536,'GGGCGCCUGCGCUGCGCGGCGCCTGCGGCGGGCUCUGUCGCAGGGCCCGCCAGUGGCGUAGTCGUGATCUCCCGGGGUCAUAGCGCGCGGGGUGTGGGGU',12/10/2017
537,'CGGGAGGCCTGGUGTGGGTUGGUGGGGGTGUUGCTGCTGAGGGTGCCGUGGGGCUGAGCTUCGCGACGUCUCAGGGUUGACCGGUGCGGGCGCGGTCATT',02/12/2017
538,'GGGGCGGCGCGGCGGGCGUGCGGGGGGCGUUGGUGCGUGAGGTGGACCUGCGGUTCGGUGGGUAGCGCGCGCGUCCCGGGCGACGGUTAGGCGGCGCCCG',11/09/2017
539,'CTGGGGCGAGACGGGACGGGUGGTGGUGGGGAGTUAGUUCGCGGTGCGGUCGGGGCUGCCGGGUCGCTCTUTGAGGCGCGUGGCCCGCUGUGCGGTCGGT',4/21/2017
540,'GCGUGGUGCCGUUGCGCCGCGUGCGCGUACGGGUTGGUGCGGGCGUCTTCTGTCCGGGGGGCGCCUCGGGUGTGGGCGGAGGGGGCCGGGCUAACUGGTU',8/24/2017
541,'CUACACTCCGGGAUUUGCAGCCGCGCGAGCGCGUGGCCCGGCGAGUCAGGGGGGGGCGCCGACCGGGAUGUGCGGGAGUCCCGGGUUGGGGAAUCCUGCG',4/30/2017
542,'GGCGCCTCAUGGGGGGUCCCGCUGGAGTCGCCGAGGCUGUGGGGGTGGGGGUCUGAUGCGCGGGAGACCGCGGGGGCGUGAAGGGGAGCGCTGGCTCGGG',5/27/2017
543,'GGCGGTCGTCCUATGGCCCUGCTCTAGGGTTCGGGGGCGCTCACGGCUUTGGCGTGGUTCUUGUUCUUCGGUGTGTGGGGCCGGGGUGGACUAGGGATTC',4/24/2017
544,'GGGGCUATGCGCUGGACCUGUUGCUUUTACCGCGTGTGGGTGGCCCGCGUGUGGGGGGGGGUUCCUCCCGUUGGCGGGGGUCCGCUCGGGCGGGGGGCGA',09/11/2017
545,'GUTGGACGGGCUGCUUAUTGCGGGGCCCCGGTTCGCGUCGGGGAGGCCGGGCGUCTCCACGCUGGGAGGGGGCCGGGGGAUGCCGGAACCCGGGACGGCU',06/10/2017
546,'CTCCCGUGGGGCGCCGGGGGUGUGCGGGGGGCAGUCGGUUCGGGGGUTGGGCGGGGGCGGUGUAGTUCGGGCGUGUGGCGCGCGGCGGCCUGGGGGTGGG',6/21/2017
547,'CGUUGTGGCGCAGGGCCCUGCGAGGGAUGGUGUGCGUGACGGGGATAGUCGGCCCCTCUGCGGUGGCCGGCCGGTACGACUGGCUAAGUGGCGGUGGACC',8/22/2017
548,'CGGGCGCGAGGGUTAGGUGGAUCUCUTAGCCGGGGGACGGGACGGGGUGGCCGGGCAGCCGGGCCUTUGCGTTCUGCUUGCCUGUGGGGCUCTGGUCACG',12/19/2017
549,'UUGCUUGCGGGCCCGGCGGCGCAAGGUCGAGGGTGGGCGCCGUCGCCCGAUGUCGGGGGUGGCGGCTCACCGUGUGUCGGATUCGUGGACGGGGUCUCGG',11/19/2017
550,'GGCGGCUUCGGCCUCUGGGGGCTUGGUGGTGAGGGGGTTUCCUUUAGGTGGTTGGGGCCCGGGGGTUGUUGUCGCUGCGCUCCUGCTGACCGGGGGCGGG',05/11/2017
551,'UGGCGGUCUUCGGGAGGGTCUGGGCGGGTGATGCGUGGGCGAGUGUUGGUGCUGUGGCGCCCGTCGUGTGUCGGAGGGCGUGGGGGCGTGGCCCCGGCCG',09/09/2017
552,'TCAGAUCGGGTCUGCUCCGACUAUACGGCGGGGCGGGGCGCUUCCGGGGUCGUGCGGGAUCCAGGGTGGAUCCUGGCGGGGGGGGGGCGCGCCCGTGCUC',03/10/2017
553,'CGGAGCCGCCCTCUUAGCGCGCCAGGTUTGGCGUGGGGAATGTCGGCCTGGTCGGGGGCUCUCCGGGCGGUTGCUCCUCCUGCCCTCGGGGCGTGTAGGC',10/01/2017
554,'CTCGGCUCGCCCCUCAGGCGGGCGCUGGUGTCCCCCGGTCCGUCCCGGUUCGGUGCUACGGGCGGUGGAGGUGATGGUGGGUCGGCGCCCCCCGGCAGGC',3/23/2017
555,'TAGGCCCGCGGAGUGTGCCGGGCCTGGGGTGGCUGUGGCGGGGGCGGGUTTGGGCCUGGGGGGGAGTCCGCGUGTAUGAGTGTGAGGGCCUGGCUCCCGC',01/02/2018
556,'GGGAGCCGGCCGGCCGGCGGCCGGCGCCCGGGGUGCGGGGCGCUGGGCGGCCACUGGGGGCTCCGGCGGUCGGGGCCAGGCGGGCCCAAGCCGCGGCAGA',01/03/2018
557,'GCUGGTGACCCGACAGCCTGCCGUGGCCGGGTGCGGGUGUCGAGCCGUGGGGGAUCGGAGTAGTGCCUCCCGGGGCGUGGGGGCTGGTCGGTTGGTAUGT',9/30/2017
558,'UGGGGUUTGTCGGTGGCGCGGGCCGACGGGTUGTGGGUGGTCTCGAAUAGGGGGGCGAGTGGAGCCGCUGUGGCUGAGGUUGGTGCGTCGGGGCCUGGCG',12/14/2017
559,'UTAUCGCGGGGGGGCGGGGUAUUGUGGGUCTGUGUGGCGGGGCGCGGGGUGCUCGGGCGUGCGGTCGCCGCGUCTGCTGCUUATTTGGCGCUGGGGGGCG',5/27/2017
560,'ACUAUGGAGGGGGTUUCGGGUUUGCGGCAGTCGGGGGGGGCGUUGCCGTCTCCGGGCCCGAGUCGGAGGGGGGUGGGGGAGTCCCUGCGUGGGCTGGUGC',7/27/2017
561,'CAGUGCGCGUCGGGCCGCAUCCUCUTGUGGCCTGUCGGCGUCCCGGGGAGTGGGCCUGGCCCCUTUUUGGATGGUUUGCGCGTUUCGGGGGGTGGAUAGC',04/08/2017
562,'GAGTUGCUGGCTCUGTGCGUGAGCGCCCCUTTGGGCCTAUGUCCGTCCCAAGUGCGUCCGCGGGAAAGAGGCCCGGGGUGUGAGTGGCGAGCCTUGGAGG',8/29/2017
563,'GGUCGUGCGACGUGGACGCGACGGGGGCGTCGCAGCCTGCCCGTGUUACGGGGTGTCGUCTACGGCGGGGTUGGCGGCGGCCCUGGUGGTGUCGGGCCCU',9/20/2017
564,'GGGGCGCCGGGGAGTGGCGGGUGCGCGGTGGGGCACCCAUUGGCGGAGGGGCUGGCGGGGUAGGCGCGGCCGGCCGGGCGCGGGGCGTGGGGGCTTCTAG',01/03/2018
565,'GAUCCTCGGGCGGCGUACGGGCCTGGGGUTUGAUCTUTGGUUGCGGGCCGCTGUGTCTGGUGUUGCGAGGCGUUGGCGGCTGCTAGGGGCGCGCUCGGGC',3/18/2017
566,'CUGGCGTCCCTCGGGTGGGTGCUAGGGGCUGCGCGTUUUGGAGUCCTAUCUGGCGCCTGUTGTGUGCGGCTUUCAGGGGGGUTGGGGUGGUTGGGGGCUU',11/11/2017
567,'CCGAUGGCGCCCCGGGGCGCGGGGACGTTUCGGCGCGATCUGGTTUCGUGTGUCCGGGAGTGUCCCTGGGGGCCGGGGGGTCGGCGCCGCGCGGGGGGGG',5/31/2017
568,'GUTUAUUGGUGGCCCGAGGUCUCAGGCGGGGGTACCGTCGTGCGUUCGGGTCGGUCUCCCGGGCGGGCGGGCGGGAGACAGUGAUTUCCCUCGGGCGTGC',04/03/2017
569,'GGAGGGTCGCGACUGGGGTGAUUCCGGGGCGGGGUUCCGCTCCGUGUUGTGCCGCCGGCGUUCUCCGGCGGUUCGUTGTTUUTGATGGCCGCCCCCGCGG',9/19/2017
570,'AGACCAAUUGTCCCTGUGGGCCCGUUGUCGGGCGGCGUCGGUAGCGCGGUGGGGCUCTGGCUCGGGTGGGUGTTCCGGTGGUCCGCCGCGUGCCCCTGGG',7/25/2017
571,'CTCCGGTGGGGCGUUUGTCUCCGGUGCTGUCGGGGACAGCTGGGCGGGGUCGGGGGTCCCCCUGGCCTGGGAGGUGUUGGGAGUGGGGUCAGCGGUGTAC',05/06/2017
572,'CCCCCCAGCACGTACUGGUGUUGGGGCGGGGGCGGGGCCGGGTGCGGAUTGCGGCGCGGGCCGGCCAGAGGUGAUCTGCCGGGGTGTUCGGATGAAGGGG',07/03/2017
573,'AUGCGGGTGGCGGUCCGGUTAGGCGGCUGGGCGUGCGGGGUGGCGGTGGUGGCGGCGGGACCGCTGCCGCGCGGCCGGCGGGTCGCGGCGGGCUCCGGGG',05/06/2017
574,'GGCUUGCGGCCCGGGGTGUGUGGAGCGGGGCAGTGGUGCTTGGCCGCGGGCCCGGGCCCUUCUGGGGGGCGGGGTUGGCGUAGGGUGUGGCGGTTGCGUT',10/19/2017
575,'GUCUCCCUGGCGTGTGGAGUCCUGCGGGGGGAGGCGCCGGCGGGUTGGCAACTGCGTGACCCGGGGCUGGGUCUGUGGAACGGGCGCCGAGGGCGGGGGG',8/19/2017
576,'ATGUUGGACCGGGCUGGGCGUGCCGCGGGUGGCTCGGCACUGUGGGGGGAGGGUTGCGUUUGGGGGGCGGUGGUCGUCCGGGUTGCUTGGTGAGGGCGGG',1/17/2018
577,'CGGGGGGGCCCTGTGTTGCTTGAUGGCGCUUGCATAGUGGGUGGTGCTGGUCCGUGGUGGCCGGGGTUCCGCUGUGGUGGCGGGGCAGCCGGGGCUGCAU',06/05/2017
578,'CGGGUCTCUGGAGACGTAGCCGGCCCAGCCGCGTGCCGGTTGCGTGGGCUGGCCCGGGGCGTGCGGGGGTUUGCUAGUGCGGGGGACGUGUGGGCGGCAG',4/24/2017
579,'GGTCGGCGGCCTCCGAAGGGCCGGGCCTAGGTCCCUCCGGCCCGGGGCUCGGTGUUCGUGACCGGCCTGCGCGGCGCCCAUGGCUGTGCUCUCCGGGGUG',11/01/2017
580,'TGGGGTGGGCGGCAGUGGCGUCGUGCCGUCAGGGGGCGUACCGGGGCCGGGGCTTCGAGGUUCGTGTGCCGGGCGGGCGGTGUCCGUGGGGGGCGCUGGA',7/14/2017
581,'TGUAACGTGGGUCGUTAAGTGGAGCTGUGGGCGGTGGAGGCGCCGCCGCGGGCCGGGGTGTTAGGUCGCAGCCGCCGUGTAGAGTGGCACUGGGGGCGCG',06/01/2017
582,'GUAAGCUGTCUGGGCCGCGGCCGGGGGGGGGGUGGGGCCGGGCCGCGGGCCCCGGUCGCGCGUGCCGGGUTUUGGCCACGCGCGUGGGGCGGGGGGGCGG',09/04/2017
583,'UCGUCUUGCUCCCAGGGGGGGCACUUGGCGTCUGGGTGGGUGTGUUGGTGACGGGCGTUAGCUGGUCTGTGCGGGCGGGCGUGGCGUGGCCGGUGCGCCC',11/24/2017
584,'CGGCGGACGAUCGCCGGTGGGCACCGGGGGGCGGGGGGCGGGGGAGGTGGCGGAGTGGGUGGCGGGCGGUCGUTGUGCGGCGTGUGGUGGGUGGGGGGCC',05/02/2017
585,'GCCCGGGGGGUUGGUUGAGGGCGGCAGCGCGCGCUGUGAGGAGGGTUAGCCGGGGAUCGCGGGGTTCCGCTGGGGCGGGTGGUGCUGAGGGCGUGCGGCG',04/05/2017
586,'UGCTCCTGGGGCGCTCTCGTACTCACUCTGCGGGCGCGTGCGGGGCUGGGACAGGGUCUGCTCUGGGGCCGGGGGTCGAGUGGUUGGGGUUGGGCGTGGU',6/22/2017
587,'GGGGGGUGCGGUCUGUCGGGGAGCCGGGGGCCGAAUCGGGTGGCAUGGCGGATGCGCGCUCGUGGGGUGGACTCCGGTACCTGCGGTGGACGGUGUTGGG',9/14/2017
588,'UGGCGUGGGGGUGCGCGGGCUAGAGUGGUGGCGGGCCGGGACCCGGUUGCGGTGCGCGGGGGCGGGCGGCCGCUUGGGATACCGGCCGGGGGGGUCTCUA',10/21/2017
589,'GCUCCGTGGGTGCGUGGCGGCAGGCGUGGTGGCACGGCCGCGCGCCCCGGCACUGCUCGGGGUAGGAUAGUGGUTUCGUTCCGTGGACCGACCGGCAGCG',11/06/2017
590,'GUCUCGUUCAGAUTUGGCUCGGCCGCCGUUGGGCUGGGUACCCGGGGUGGAGGCCCTGGCGGGAGGACAGGGTCUGUGTUCGGCGGCGGAGUGGCCGCCG',8/25/2017
591,'AUGGUCCGUGGGGGCGTUGGGCTGGCCUGUGGGGATTCACACUGGGCGUGGGCUGGGGGGTUTCGGGGGGGAGUGGGUUACGTCTCGGTUCGUGGTGUCC',4/17/2017
592,'GGCGACTCCCTGGGGGGGCCCUTAGTCCUGCCCCGUGUCCCGGGGGGGGGGGTAGGUGGGGUGCGCGCGAGCACUCUGGCUUGTGGGGGGCGUUCUUTGC',7/22/2017
593,'CUUGAGACAGUCGGCGCGGGGCGCCCGTGACGGGCGCGUUCGCUCGGGACTUGGGGCGGCCGGGCCTGGUGGACGUUGUUGUGGGGGAGGUUGGGCCGGG',5/19/2017
594,'UCCGGCGGAGCUGGCGGACCGCGGUGGGUUAGGGGGGCGGGCCGTCGCUGCCCAGCGGGGGCGGGGUCTGGTGCTGGTGGGCAGCGGGGGGUCGGUGGGC',8/21/2017
595,'CGGUGTTGGCCGGAGUGGGGGGCCAGTCCCGGGGUCCGGGTUAUACCCGGGGUTUCGGGGGGCGGGTGAGAGCTGGGGCGGGCUCCGCUUCCCUUGCGCG',10/10/2017
596,'GCGGCAAUUUGTGGCGGCUAGUGGCGAACGGGCCGGGCAGCGCUCGUACCGCGGGCGCGGGGUGGGGUGGCGGCUGGGUGAGGCGGAGCGUCCGUTAAGU',12/24/2017
597,'AUGGCUGGUGTUGGGGCUGCUCACCGUGCCCGGTCGAGGGCGACGCUACAUCGGTGUGCGGGTGGCCACGTUGGGUTGGTUCGTCACGAGGCCGGGGGGC',3/28/2017
598,'GGGGUGGCTCAGCUGCGGAGCGGCGAGGCUCCCCUCGGGCGGGGGUATGGGGGUGCCTGGCGGCGGGGGGACGGGUGGCGGAGGGTCCGTCAGGAGCUCG',8/15/2017
599,'GCGCGCCGGUGUCGGCCGGCGGCGTUGGGGGGCUAGGGGUGGGGGUCGCGGGGCGGGGCCCGGGGGTUTTTGUGUCGGCCAGUGCAGGCGCGCCAAGCGG',11/01/2017
600,'TGGUUGGGGCGGGGGUGTCGCCGGCCCCCTAGTGGUGGGGGGACTUGGUUTCGATCCGGCGGTGUCGCGCGGGGAGCCGGUGGCGCGCGCUGCTGCGUGG',3/29/2017
601,'TACACCCGGCGCAGGGCGCCGUCCCTGGGGGCCGACAGUCCCTTUGGUCCGCUGGUGGGUGCUTCGCCUGCCGGGCGGGAGACCGTGCACGACGCUGCUG',02/09/2017
602,'GGGTCCGGGCGGGGGTCGCCCCGGCCAGGGUGGAGCTCUGGGCCCCGTGCGCGUGGUGGCCGGGGCCCGCGGCGGTGGGGGCCGAGUUUTUGGUCGGUCC',3/13/2017
603,'CGGGGAUUGGUCCGTCTGGGAGGGGGGGUUCGGGGTUGUGCAGGAAGAGGCCGGACCUCUTGCUGGGCGUGGGCCGGTCGCGUCCAGUGUGGUGGGGGGG',11/01/2017
604,'GGUCGGGCGGTTCTTGGTGGCCTCGGGUGGCUGTGGGGGGAGCGCACCUTGGGGCGUTCGCGCCGCGGGGTGGGTGGGGGGGGCGTUGCGTTGGGTGGUG',08/11/2017
605,'GGGAGCGCCGCGACGCCUGGGCCTGGCGGGGCGCGUGAUAAGGCGGCTUUGGCCGAGGGCCGGUGGCGCGUAAGGTGTGGGGGGAGGGGAGCGAACGGCG',04/06/2017
606,'GUGGGGGGCCUUGCGTGCGCGGCCUCAGGGGGGTGGGTCGUGGTGUTCGGACCUAGCGCGTGGGCCGGUCUGGGTGGGGTGCUCCGGGATCCAGGTGGCT',11/10/2017
607,'AUGTGCGGGCGGGCGGAGGGGGAGTCGCCGCCGGGUGGCGCUGTCGCCGGGGCCGGGGGCCGCCCUGUCGTGCGTGTTGGGGTGCCGUTGGCGCGCCCCG',04/12/2017
608,'CGGUTGCGGCCCACCGUGGGUUGGUGGCCGACTCGTCCGGCCCGTTGGUAUCGUGGGGCGGGCGCUGGCGGUGCCGCGTCGGUGCCCUGCGGCGGCGTGG',7/27/2017
609,'CGGGUGGCCCGAGGUGCGGGCAGGGGCGCGGGGGCGCCCGGGGGGGGTGGGCGUGCGGCCGGGCGGACGGGGCCGAGCGCCTCGUCGUGTGCCGCTGCCG',2/27/2017
610,'TGGACUGCGUCGGGGAAAGGCUGAUUGGGGGGGGCCCCCCGCUUGGCGGATAGGGAGGGGGCGUUGGCAGTUGGGCCGCCGGCUCGGCGGCGGGGUGCUU',3/30/2017
611,'AGGGCGGCAGAGGCGGUTCCUGCCUGCTGUCGAUGUCCGGGGGUUTGGUUGGAGGCCTAAGUGCGCCGGGUCGTUGGUGUGACGGGCCGGCGGGCUGUGC',2/28/2017
612,'CCAGTTGGGUAUUCGGUGAGCGAUGGGGGATCGUATUUCGGAGGGCTGAGCUGCGGGACUGCGCCCUUUCCGCAGGGUGGGGTCGGGTGCGUCGGGACCC',08/11/2017
613,'GCCGGGTGGCGAGCGGGGCTCGGGGCGGCUGGAUTCCUGUGGCCUCGGGGCGGAAAUCCUTUCUGGGCTGUCGCCGGUGCAGGAGGGUCGGGAGGCCGGG',07/05/2017
614,'GCGGAUGGGCGCGCUCAGGGCUGGGGCGGGCACGTGUTGCGGGCUUUGUGCUTUUTTGUCGUGCGGUCCGGAUUCCGGGGUGUGCTUGTGGGGGGTGAGG',11/03/2017
615,'GGGGCGGCGGGGGGGGTUGGUCUGGCGGGAGTGGGGGGCGGGGGGUCGGGGGUUCCCGUAGGGTCGGGUCGCTGCUTGGGCGCCACGCGGCGCTUCGGGG',3/21/2017
616,'UGGCGGCCTUGGGUTGGTGGGGCGCCGGUCUGACAUTGAUGGCCCGTCCGCUCCGGGCGCTCUGGGUGCCGAGGCGCUGCCGGGCGGCUCCUGCGGUGGC',10/13/2017
617,'ACCGUGTGGUCUGGACGUCAGGTGCUUGGCGCGGUCTAGGGGGGUGGGUUCGGGTUGGGTUTGGCUCGGGTGGGGGGGGCCGCAAGCCGGCGGCGGCGCC',11/22/2017
618,'GCGCCTUGGCGGGUTCCGGAGCGGGGGCGCUGGGCGGGTGCGGGACAGGUGGAGUGTTGUGGCCGGGCCCGUTGCCCUCCGACGCCTGCCGCGGGCGGGC',9/13/2017
619,'TCUAGGCUGCGAGCCGGCTGCGTGGCGCGGCUGCCGUGCGGGGGGTTUCGGCGUUGTGCGGGGCCUAGCCGACGGGCCCCGACGCGGGGAGGCGGCGGUG',03/11/2017
620,'GTGCTCTGCAGCGGUCCGGCCTTUGGGGGGGAGCTGGGGAGGCTUUGAGGCCUGGGGGGUGGTTUACCGCGCGGGGUUCGGUGAGTGCTUGGGGUGUGGG',06/12/2017
621,'GGGGUGGUGCGGUUTGGGGCCUGCACGUUGGCGUGCGGACAGGUCGCUGCGCUGGGCUTTGCGUGUCGGCAATGCTTCCGTGGGCGCCGUAUGUUTAGCG',3/27/2017
622,'GGCGUGGUTGGGUGCCGGAUTATGCUCGCAAGGCGCGGGUCGGUGGCGAUCTGGGUGCUTGGGTGGAAAGGUTCGGAGUGGCTCGGCCUGUGUUGAGGAA',07/10/2017
623,'CCCGUUCGGGCGGGCGUGUCCCGGCGGUGCCCGGCCTUGCGGGCCGUGCTGGCAAGCCGCGGGCCGCUGAGGGCUGCGUGGGCCATGGGCGUGTCGAGGT',04/09/2017
624,'UCCAGGUGGGAGCCGGUGGUAGGGGCGUGTGGGUAGGUGCGGGGGCGGAACTCGUGGCCGCGGGCGCUGCAAGGUGCCGGGGUGCACGCCGGGGGGGUCC',04/01/2017
625,'GGCGAGTCGGGGTCCCCGGCGCGCGGCGCCGTGCTCCGGGGGCTGGUCCGGGGTGUCGGGGCGCGUGCGCUGGUCGGGCCTCGGGGAGTAGGGTUGCAGC',01/09/2018
626,'CGGCAUCCGGCGGGGGAGGUCUGGGUGGCCGCGGCCCCAUGCCGGCUUGGGUGCGCGAGGUGTGCGUGUCAGGGGGUGUGATUUCGGGAGCAUGGGUGCG',06/12/2017
627,'GGGGTCGCGCGUGTGGGGGUCAGGGUUCGGCCGCCGCGGGCGGGGGACTCCGUGGGUGGGCGGUGCGCUGGTUGCGCCGTCGCGGCACCGCGAATUGGTG',2/22/2017
628,'GAACCGCTGGUCAUACGUGGCGACGCACGUGGGCUGUGUTCAGUGCGGGUTGGGCUGCGGGGCCGGGGCGUGGGTGGCTGGACGUUGGCCTGCCCCCGCC',04/10/2017
629,'GUCGUGGUCUGGGGACUGGGUGGGGCUGCUGACCGGGTCCUUUCGGUGGGTGGCGGGCGCGCGCGUCCACCGCUUCUAGTGCTCUCGCTGGGGGGGTGGC',1/28/2018
630,'UCCUGCGGGTCCCUGCGGCUGGGGCGGGUCCCCCGGAGCGGUGGGGGTGGCCCUGTGCACGGUGGCCAUGGCGUAGGTGTCGCGGCACAGTUGGCCGGGG',12/17/2017
631,'GGAGGCUUGAGCGUUCCATCTGCAGGGGGGGCGGGGGGGCGUUGUGTGCGGGCCGGGCCCUGCUGCCAUAGGGCGGGGGCGCGGGGAGGGCGCGGGCGUT',6/16/2017
632,'GCTGUUUGCGAGGUGGCCGCUUGGCGGUGGGGCGGGGGGGAGCGCGUGCGGTGAGGAAGUGATGUGGTCACGGGCGGCGTUGCGGCGGGGTGGGCGCGCG',12/13/2017
633,'TCCTGACGUAUGGGTATUUGCGGGGGCGGGGGGCGGGGGGTUGAUUCCGGCGGGGGCTGGGGCCCCUCTGUGGCCGUAGUCGGTTCCUGGGACGGGUUCC',03/06/2017
634,'GCCCCCGCCGGUGUGCGGGGGGGCGCTGGGAGGGGGGGGTCGGCGGUGGGUGGCGGUGCGGGTGGGCGUTUUGGGGGTTGGGCTUGCUGGGGGCCGAGGG',03/05/2017
635,'CCGCCGCCGGCGTUTCTCUUGAUGGCGGGCUUGUGGTCGGUCGGCGGGUGUGGCCGGUGCAGGGAGATGUUGTCGGUGGCACGATUGGGAGGAGUGGGAU',10/12/2017
636,'CGGTUGGGTGAGCCGCGGUTGCAGGGTAGCGGGGACGGAGATCGGGUCGGCTUCGGGGCCCCGGGUGUTUCGTAGUCGUGGCGCCGGAGGGGCCGUGTCC',10/09/2017
637,'GGAGCUCTGCTGUGGGGUGGGCCGGGGAGTCCGUGGUUGCAGCAGCGGGGCCAGGCGCGCCGGTGGGGCGGGGGGGCCCGGGUCGGGTGGUCCCCCUGGU',11/10/2017
