1,nunc,non
2,arcu,lacinia
3,massa,volutpat
4,at,fusce
5,sit,cras
6,diam,vulputate
7,sed,morbi
8,donec,purus
9,quis,donec
10,vestibulum,odio
11,eget,volutpat
12,tincidunt,in
13,a,sit
14,convallis,vulputate
15,vel,cubilia
16,cubilia,justo
17,fat,eleifend
18,neque,suscipit
19,id,at
20,primis,non
21,vehicula,eu
22,consequat,hac
23,pellentesque,porttitor
24,ttincidunt,ligula
25,et,fringilla
26,odio,hac
27,donec,quisque
28,tristique,non
29,tincidunt,tincidunt
30,sed,orci
31,amet,ligula
32,nam,luctus
33,quis,pede
34,vel,suspendisse
35,nibh,nulla
36,hac,habitasse
37,ut,cum
38,consequat,vestibulum
39,elementum,justo
40,venenatis,diam
41,sed,ligula
42,vivamus,condimentum
43,augue,aliquet
44,lobortis,pharetra
45,vestibulum,ipsum
46,turpis,nullam
47,iaculis,lacinia
48,porta,ridiculus
49,ac,sem
50,faucibus,dui
51,mauris,integer
52,integer,vel
53,massa,mattis
54,curabitur,dapibus
55,sed,turpis
56,erat,nisl
57,dapibus,dui
58,interdum,pellentesque
59,tempus,sem
60,id,at
61,purus,et
62,turpis,lobortis
63,pede,nunc
64,dignissim,donec
65,est,mauris
66,quam,rutrum
67,massa,rhoncus
68,nulla,tincidunt
69,aliquam,at
70,libero,et
71,mattis,augue
72,rutrum,in
73,purus,ut
74,in,platea
75,suspendisse,proin
76,convallis,faucibus
77,at,turpis
78,rutrum,ipsum
79,nisl,viverra
80,at,tempus
81,vivamus,ut
82,vivamus,donec
83,sapien,habitasse
84,dictumst,eget
85,erat,lobortis
86,lacinia,at
87,ultricies,viverra
88,ligula,in
89,neque,nec
90,id,convallis
91,morbi,lacus
92,duis,sit
93,nulla,dui
94,nonummy,amet
95,quisque,nulla
96,vitae,bibendum
97,ullamcorper,lorem
98,sed,tristique
99,nulla,eget
100,augue,pede
101,ipsum,ac
102,ac,pellentesque
103,ante,quisque
104,fermentum,porttitor
105,eu,sed
106,ut,diam
107,mauris,felis
108,in,luctus
109,blandit,arcu
110,morbi,morbi
111,ante,non
112,quam,nibh
113,orci,rutrum
114,odio,nulla
115,hac,consequat
116,et,vestibulum
117,nulla,leo
118,vulputate,sed
119,risus,ac
120,hac,nullam
121,ante,ante
122,morbi,pede
123,interdum,ipsum
124,libero,ante
125,nunc,ut
126,sagittis,primis
127,tincidunt,ligula
128,hendrerit,erat
129,eros,dictumst
130,in,tristique
131,in,sit
132,fusce,tincidunt
133,ipsum,porttitor
134,elementum,in
135,venenatis,mollis
136,ridiculus,amet
137,cum,odio
138,nunc,suscipit
139,in,platea
140,scelerisque,vitae
141,quisque,magna
142,molestie,eleifend
143,nibh,ultrices
144,praesent,varius
145,a,tincidunt
146,quis,integer
147,eget,non
148,ultrices,leo
149,dis,maecenas
150,ornare,semper
151,iaculis,curabitur
152,morbi,quam
153,est,massa
154,nec,sit
155,amet,congue
156,vel,ac
157,cubilia,ipsum
158,nulla,consectetuer
159,massa,a
160,ultrices,curae
161,volutpat,amet
162,donec,duis
163,mollis,sodales
164,mauris,tristique
165,vestibulum,pretium
166,leo,donec
167,luctus,odio
168,sapien,sit
169,viverra,vitae
170,non,rhoncus
171,nibh,leo
172,aliquet,consequat
173,pharetra,nunc
174,sit,sapien
175,nam,arcu
176,faucibus,primis
177,eget,consectetuer
178,vehicula,duis
179,nulla,rhoncus
180,mauris,amet
181,fusce,tempor
182,nisl,ipsum
183,vehicula,pharetra
184,nisi,erat
185,pede,id
186,consequat,sapien
187,erat,turpis
188,nulla,nam
189,at,platea
190,sed,ultrices
191,vulputate,malesuada
192,velit,sit
193,platea,enim
194,nulla,mollis
195,aliquam,accumsan
196,sit,in
197,fusce,eu
198,ac,donec
199,dui,est
200,justo,turpis
201,rhoncus,scelerisque
202,nam,pellentesque
203,augue,tempus
204,et,sit
205,mollis,morbi
206,id,leo
207,tincidunt,id
208,euismod,ipsum
209,at,non
210,amet,tincidunt
211,ligula,potenti
212,donec,faucibus
213,cubilia,justo
214,massa,elementum
215,platea,non
216,vel,quisque
217,turpis,nonummy
218,tristique,amet
219,quis,in
220,elementum,dolor
221,et,nam
222,est,molestie
223,cras,donec
224,non,primis
225,vel,platea
226,blandit,arcu
227,ultrices,quisque
228,est,diam
229,duis,magnis
230,etiam,ultricies
231,pulvinar,ullamcorper
232,lectus,in
233,purus,luctus
234,in,sapien
235,cursus,nunc
236,cubilia,nisl
237,id,sem
238,ultrices,commodo
239,magna,velit
240,semper,nulla
241,sed,est
242,lobortis,sapien
243,semper,volutpat
244,augue,molestie
245,at,leo
246,dolor,congue
247,justo,nullam
248,mi,dui
249,massa,faucibus
250,odio,pulvinar
251,nisi,ornare
252,quis,in
253,semper,sem
254,in,dictumst
255,imperdiet,sollicitudin
256,id,aliquam
257,morbi,purus
258,non,bibendum
259,tortor,pellentesque
260,fusce,nullam
261,non,sociis
262,in,rhoncus
263,erat,nulla
264,nibh,tempus
265,curabitur,sem
266,justo,consectetuer
267,commodo,quam
268,a,ante
269,egestas,metus
270,blandit,vestibulum
271,sed,nibh
272,vestibulum,suspendisse
273,cubilia,condimentum
274,pretium,lacinia
275,interdum,in
276,tortor,luctus
277,turpis,eu
278,at,dictumst
279,non,eu
280,maecenas,orci
281,dolor,dapibus
282,montes,bibendum
283,non,sit
284,cursus,tempus
285,quisque,amet
286,aliquam,dolor
287,non,ornare
288,luctus,lorem
289,pede,aliquam
290,nulla,potenti
291,dapibus,sit
292,vitae,sed
293,morbi,posuere
294,pede,et
295,libero,amet
296,iaculis,quam
297,tincidunt,nulla
298,sem,donec
299,donec,porttitor
300,pede,et
301,eget,habitasse
302,magnis,magnis
303,vestibulum,faucibus
304,nibh,interdum
305,augue,nonummy
306,nascetur,in
307,erat,in
308,felis,quam
309,ac,ut
310,cursus,in
311,erat,risus
312,sapien,in
313,dictumst,orci
314,eget,sapien
315,cubilia,in
316,varius,rhoncus
317,sem,volutpat
318,in,neque
319,ipsum,nisl
320,etiam,mauris
321,magnis,ridiculus
322,natoque,quam
323,dictumst,in
324,sem,ridiculus
325,ultrices,in
326,consequat,felis
327,id,sed
328,ligula,maecenas
329,posuere,in
330,sapien,orci
331,mauris,odio
332,orci,aenean
333,eu,non
334,commodo,pharetra
335,sapien,consequat
336,tincidunt,nisi
337,vitae,ultrices
338,est,vel
339,phasellus,ac
340,at,faucibus
341,vel,nam
342,magnis,parturient
343,ipsum,natoque
344,enim,quis
345,eu,eleifend
346,curae,vitae
347,sollicitudin,ut
348,eu,enim
349,duis,suspendisse
350,rhoncus,nulla
351,lectus,justo
352,vestibulum,aliquam
353,euismod,id
354,elit,faucibus
355,risus,accumsan
356,pellentesque,posuere
357,pellentesque,nulla
358,imperdiet,est
359,ut,quisque
360,commodo,nisl
361,et,justo
362,eros,nulla
363,mauris,tortor
364,donec,sem
365,primis,libero
366,consectetuer,tristique
367,ante,nulla
368,quisque,arcu
369,massa,et
370,sem,id
371,dapibus,pede
372,vulputate,tempor
373,sem,volutpat
374,turpis,maecenas
375,erat,integer
376,massa,dignissim
377,duis,ultrices
378,pellentesque,libero
379,ipsum,justo
380,nulla,eget
381,ipsum,eleifend
382,justo,mi
383,convallis,eu
384,morbi,congue
385,porttitor,diam
386,in,adipiscing
387,id,donec
388,at,morbi
389,metus,platea
390,nam,iaculis
391,nisi,tincidunt
392,orci,sed
393,lacinia,sociis
394,non,praesent
395,odio,sed
396,amet,nisi
397,porttitor,lectus
398,at,ultrices
399,mauris,pretium
400,nulla,suscipit
401,sed,faucibus
402,ultrices,duis
403,proin,non
404,est,in
405,curabitur,sapien
406,accumsan,potenti
407,enim,consectetuer
408,turpis,augue
409,at,ridiculus
410,imperdiet,convallis
411,cubilia,ipsum
412,blandit,congue
413,curae,sagittis
414,duis,metus
415,adipiscing,curabitur
416,porta,orci
417,sapien,cubilia
418,turpis,condimentum
419,luctus,nibh
420,sapien,cubilia
421,maecenas,vestibulum
422,justo,posuere
423,nam,lacinia
424,vestibulum,integer
425,id,diam
426,donec,vestibulum
427,ut,nulla
428,urna,risus
429,a,quam
430,nulla,integer
431,mattis,iaculis
432,viverra,diam
433,erat,vehicula
434,congue,gravida
435,sed,nulla
436,in,iaculis
437,ac,neque
438,vel,ante
439,id,auctor
440,consequat,consectetuer
441,nullam,vivamus
442,diam,vestibulum
443,consectetuer,in
444,augue,turpis
445,ultrices,lobortis
446,duis,velit
447,hac,donec
448,vivamus,dictumst
449,proin,est
450,praesent,eget
451,ante,in
452,sollicitudin,sed
453,ut,justo
454,ultrices,pulvinar
455,quisque,tellus
456,etiam,pretium
457,ipsum,mattis
458,pellentesque,diam
459,quisque,aenean
460,aliquam,nec
461,mattis,turpis
462,amet,bibendum
463,ante,iaculis
464,elementum,vivamus
465,rhoncus,diam
466,mauris,potenti
467,nunc,erat
468,curae,nisl
469,vestibulum,erat
470,ante,mattis
471,dictumst,amet
472,fringilla,imperdiet
473,nibh,dui
474,lectus,magnis
475,interdum,dapibus
476,iaculis,mauris
477,id,vel
478,dui,consequat
479,a,aliquam
480,placerat,nunc
481,in,lacus
482,pede,quis
483,congue,vel
484,tempus,congue
485,in,pulvinar
486,semper,blandit
487,nulla,posuere
488,luctus,erat
489,natoque,vestibulum
490,tincidunt,volutpat
491,lectus,nisl
492,vel,in
493,cubilia,lobortis
494,mattis,sem
495,enim,felis
496,vel,tortor
497,mauris,non
498,sem,integer
499,primis,pede
500,convallis,non
501,non,cubilia
502,turpis,nulla
503,duis,eget
504,duis,lacinia
505,orci,in
506,nulla,turpis
507,cubilia,mattis
508,orci,amet
509,dis,maecenas
510,a,ipsum
511,gravida,sed
512,condimentum,justo
513,consequat,posuere
514,id,pede
515,interdum,at
516,varius,vel
517,erat,pellentesque
518,suspendisse,nulla
519,turpis,massa
520,enim,massa
521,hac,magna
522,vehicula,rhoncus
523,dui,tempor
524,viverra,nisl
525,nec,potenti
526,eget,sapien
527,porttitor,nunc
528,laoreet,augue
529,congue,aenean
530,sapien,morbi
531,ultrices,faucibus
532,eros,proin
533,interdum,libero
534,neque,eget
535,cum,ipsum
536,dignissim,integer
537,nisl,maecenas
538,interdum,ut
539,aenean,et
540,mattis,sapien
541,sapien,quam
542,ut,rutrum
543,sit,ipsum
544,consequat,morbi
545,pellentesque,semper
546,ac,nisi
547,nullam,ipsum
548,ut,amet
549,proin,erat
550,in,hendrerit
551,sit,aliquam
552,in,sodales
553,mollis,diam
554,at,erat
555,dui,est
556,sollicitudin,ipsum
557,ante,aliquam
558,gravida,in
559,eleifend,a
560,ut,in
561,nisl,molestie
562,nunc,lobortis
563,pellentesque,venenatis
564,turpis,interdum
565,ante,aenean
566,justo,quam
567,quam,morbi
568,vel,vivamus
569,nisi,est
570,purus,turpis
571,amet,nulla
572,penatibus,blandit
573,rhoncus,ligula
574,dis,erat
575,eu,potenti
576,accumsan,sed
577,blandit,massa
578,phasellus,pulvinar
579,tempus,eget
580,mi,ipsum
581,ipsum,erat
582,lorem,interdum
583,nullam,lacinia
584,sollicitudin,ornare
585,ornare,vehicula
586,lobortis,duis
587,vestibulum,odio
588,eget,posuere
589,ultricies,mattis
590,mauris,vulputate
591,justo,pretium
592,montes,dapibus
593,lacinia,justo
594,justo,volutpat
595,diam,lectus
596,mus,quam
597,metus,rutrum
598,sapien,convallis
599,risus,iaculis
600,dolor,amet
601,velit,neque
602,fusce,auctor
603,feugiat,gravida
604,accumsan,lacinia
605,lacinia,orci
606,integer,pharetra
607,lacus,nec
608,erat,sapien
609,blandit,adipiscing
610,platea,duis
611,libero,sit
612,id,ut
613,nisi,id
614,eros,erat
615,venenatis,suspendisse
616,posuere,magna
617,amet,pede
618,ornare,nullam
619,amet,faucibus
620,tincidunt,arcu
621,nulla,accumsan
622,odio,condimentum
623,rutrum,odio
624,adipiscing,eu
625,cubilia,proin
626,eros,est
627,in,congue
628,vestibulum,placerat
629,orci,nisi
630,sem,adipiscing
631,fusce,non
632,elit,lacinia
633,tincidunt,orci
634,faucibus,in
635,suspendisse,morbi
636,integer,platea
637,nulla,scelerisque
