1,Eb,Cradey,Geriatrics
2,Uriel,Storton,Hospice and palliative medicine
3,Liam,Etock,Psychiatry
4,Bevan,Crocumbe,Emergency medicine
5,Giraud,McCard,Nuclear medicine
6,Genny,Lates,Paediatrics
7,Dal,Slite,Child and adolescent psychiatry and psychotherapy
8,Katine,Duggan,Neurosurgery
9,Stanford,Schmuhl,Geriatrics
10,Chere,Provis,Neurosurgery
11,Angelle,Kindle,Neurology
12,Noelani,Piatto,Obstetrics and gynaecology
13,Guillaume,Jeyness,Neurology
14,Lenka,Sally,Clinical neurophysiology
15,Winonah,Wavell,Psychiatry
16,Sherill,Radolf,Paediatrics
17,Lynnet,Fairbeard,Neurosurgery
18,Lynnett,Forder,Neurology
19,Miles,Nesby,Paediatrics
20,Rochette,Sulter,Obstetrics and gynaecology
21,Yehudi,Bourcq,Hospice and palliative medicine
22,Alyss,Murfett,Child and adolescent psychiatry and psychotherapy
23,Julie,Oliver-Paull,Obstetrics and gynaecology
24,Marvin,Holligan,Adolescent medicine
25,Lianna,Blaver,Endocrinology
26,Mufinella,Andrei,Hospice and palliative medicine
27,Terrance,Kryska,Neurosurgery
28,Willy,Jurca,Adolescent medicine
29,Laurette,Penney,Geriatrics
30,Stormy,Scarfe,Obstetrics and gynaecology
31,Casandra,Cabble,Endocrinology
32,Sheri,Deere,Psychiatry
33,Erika,Roskell,Psychiatry
34,Konstanze,Beeres,Paediatrics
35,Holli,Penning,Clinical neurophysiology
36,Forester,Outerbridge,Paediatrics
37,Ivy,Staff,Neuroradiology
38,Fanchon,Saltman,Neuroradiology
39,Towny,Marner,Adolescent medicine
40,Courtenay,Smalley,Neurosurgery
41,Brenn,Belleny,Neurology
42,Susi,Wickardt,Obstetrics and gynaecology
43,Blane,Willgoose,Geriatrics
44,Albertina,Tesimon,Geriatrics
45,Nanny,Grebbin,Emergency medicine
46,Hobart,Hoofe,Endocrinology
47,Caty,Trask,Emergency medicine
48,Brandise,Searight,Nuclear medicine
49,Yasmin,McCrystal,General practice
50,Deloris,Rilton,Psychiatry
51,Charisse,Pendrigh,Adolescent medicine
52,Amaleta,Pingston,Neurology
53,Dunstan,Tumility,Emergency medicine
54,Bryant,Whitcher,Obstetrics and gynaecology
55,Mace,Peasey,Clinical neurophysiology
56,Kevyn,Whibley,Public Health
57,Jean,Kerridge,Public Health
58,Sully,Castellan,Hospice and palliative medicine
59,Jonathan,Blackwood,Neuroradiology
60,Zacherie,Behneke,Paediatrics
61,Lilla,Willard,Clinical neurophysiology
62,Mae,Piff,Emergency medicine
63,Lucille,Yesinov,Endocrinology
64,Gigi,Daldry,Geriatrics
65,Josy,Mitro,Neuroradiology
66,Tallie,O'Glassane,Public Health
67,Byrle,Rumming,Clinical neurophysiology
68,Jean,Revening,General practice
69,Giorgio,Leeves,Neurology
70,Lemmie,Worral,Neuroradiology
71,Ernestine,Faers,Adolescent medicine
72,Kipp,Laybourn,Endocrinology
73,Stillmann,Olsson,Nuclear medicine
74,Rouvin,Cromb,Adolescent medicine
75,Mathilda,Beetlestone,Neuroradiology
76,Jeremy,Dalgetty,Adolescent medicine
77,Tybi,Topes,Endocrinology
78,Tomkin,Guillot,Obstetrics and gynaecology
79,Klaus,Grindall,Emergency medicine
80,Huntley,Juara,Neuroradiology
81,Jessi,Ranshaw,Neuroradiology
82,Juan,Chaucer,Nuclear medicine
83,Leighton,Gaukrodge,Adolescent medicine
84,Arlina,Yellowley,Emergency medicine
85,Valery,Reaney,Paediatrics
86,Huntley,Snare,Neurosurgery
87,Idaline,Urlich,Geriatrics
88,Donall,Smalls,Endocrinology
89,Domeniga,Tankin,Psychiatry
90,Nananne,Neilan,Emergency medicine
91,Finn,Huard,Emergency medicine
92,Tanhya,Brosini,Neurology
93,Bradford,Bartoszewski,Nuclear medicine
94,Rosemonde,Nares,Hospice and palliative medicine
95,Cordey,Trail,Nuclear medicine
96,Malissa,Mattisssen,Psychiatry
97,Zena,Croker,General practice
98,Valerie,Marr,Obstetrics and gynaecology
99,Letitia,Pyford,Neurosurgery
100,Jeth,Summerlee,Adolescent medicine
